"id","createdAt","type","timeZoneOffset","venue.id","venue.name","venue.url","comments.count"
"4ccd96f072106dcb38bda399","2010-10-31 16:18:56.000000","checkin","-240","4b8aadc9f964a520577932e3","Masala Wok","https://foursquare.com/v/masala-wok/4b8aadc9f964a520577932e3","0"
"id","createdAt","type","timeZoneOffset","venue.id","venue.name","venue.url","comments.count"
"4ccd96ddba79a1cd933842cb","2010-10-31 16:18:37.000000","checkin","-240","4b8aadc9f964a520577932e3","Masala Wok","https://foursquare.com/v/masala-wok/4b8aadc9f964a520577932e3","0"
"id","createdAt","type","shout","timeZoneOffset","venue.id","venue.name","venue.url","comments.count"
"4ccc7c30b571b60ca932d365","2010-10-30 20:12:32.000000","checkin","Food and alcohol. Thank God :-)","-240","3fd66200f964a52047f11ee3","Tortilla Coast","https://foursquare.com/v/tortilla-coast/3fd66200f964a52047f11ee3","0"
"id","createdAt","type","timeZoneOffset","venue.id","venue.name","venue.url","comments.count"
"4ccc3b9b72106dcb21229a99","2010-10-30 15:36:59.000000","checkin","-240","4c92e8d09199bfb7710918df","March to Keep Fear Alive","https://foursquare.com/v/march-to-keep-fear-alive/4c92e8d09199bfb7710918df","0"
"id","createdAt","type","timeZoneOffset","venue.id","venue.name","venue.url","comments.count"
"4ccc3b65c0378cfa48c18448","2010-10-30 15:36:05.000000","checkin","-240","4c92e8849199bfb7e20518df","Rally to Restore Sanity","https://foursquare.com/v/rally-to-restore-sanity/4c92e8849199bfb7e20518df","0"
"id","createdAt","type","timeZoneOffset","venue.id","venue.name","venue.url","comments.count"
"4ccbe808c0378cfad14d8248","2010-10-30 09:40:24.000000","checkin","-240","4b2ea6d1f964a52057e424e3","Greyhound Bus Station","https://foursquare.com/v/greyhound-bus-station/4b2ea6d1f964a52057e424e3","0"
"id","createdAt","type","timeZoneOffset","venue.id","venue.name","venue.url","comments.count"
"4ccb36ea566aa093bf5f19fd","2010-10-29 21:04:42.000000","checkin","-240","4ba39b0ef964a5204c4b38e3","Bernies Delicatessen & Gourmet Market","https://foursquare.com/v/bernies-delicatessen--gourmet-market/4ba39b0ef964a5204c4b38e3","0"
"id","createdAt","type","timeZoneOffset","venue.id","venue.name","venue.url","comments.count"
"4cca347d7965b60c9f68848a","2010-10-29 02:42:05.000000","checkin","-240","4b0889cef964a520f40d23e3","Hard Times Cafe","https://foursquare.com/v/hard-times-cafe/4b0889cef964a520f40d23e3","0"
"id","createdAt","type","shout","timeZoneOffset","venue.id","venue.name","venue.url","comments.count"
"4cca08cdc010f04dc0a9eccc","2010-10-28 23:35:41.000000","checkin","At the College Republicans and College Democrats debate.","-240","4c113d1fd41e76b0d80e310d","Dewberry Hall","https://foursquare.com/v/dewberry-hall/4c113d1fd41e76b0d80e310d","0"
"id","createdAt","type","timeZoneOffset","venue.id","venue.name","venue.url","comments.count"
"4cc8b771d063a143bc3f09b4","2010-10-27 23:36:17.000000","checkin","-240","4ba2c4b8f964a520b01738e3","Havabite Eatery","https://foursquare.com/v/havabite-eatery/4ba2c4b8f964a520b01738e3","0"
"id","createdAt","type","timeZoneOffset","venue.id","venue.name","venue.url","comments.count"
"4cc4545d306e224bde779c6c","2010-10-24 15:44:29.000000","checkin","-240","4b5b90dbf964a520910729e3","Denny's","https://foursquare.com/v/dennys/4b5b90dbf964a520910729e3","0"
"id","createdAt","type","timeZoneOffset","venue.id","venue.name","venue.url","comments.count"
"4cc1dbb2bde8f04d30ab9a4b","2010-10-22 18:45:06.000000","checkin","-240","4b0889cef964a520f40d23e3","Hard Times Cafe","https://foursquare.com/v/hard-times-cafe/4b0889cef964a520f40d23e3","0"
"id","createdAt","type","timeZoneOffset","venue.id","venue.name","venue.url","comments.count"
"4cc0796c985aa35dd3264d12","2010-10-21 17:33:32.000000","checkin","-240","4bfff882369476b0f39d8e1f","Northern Virginia Magazine","https://foursquare.com/v/northern-virginia-magazine/4bfff882369476b0f39d8e1f","0"
"id","createdAt","type","shout","timeZoneOffset","venue.id","venue.name","venue.url","comments.count"
"4cbc6ecad78f46881225c873","2010-10-18 15:59:06.000000","checkin","Breakfast... Yum...","-240","4b534e70f964a5208a9627e3","First Watch","https://foursquare.com/v/first-watch/4b534e70f964a5208a9627e3","0"
"id","createdAt","type","shout","timeZoneOffset","venue.id","venue.name","venue.url","comments.count"
"4cbc5ed07148f04dd84de7ab","2010-10-18 14:50:56.000000","checkin","Breakfast... Yum...","-240","4b534e70f964a5208a9627e3","First Watch","https://foursquare.com/v/first-watch/4b534e70f964a5208a9627e3","0"
"id","createdAt","type","shout","timeZoneOffset","venue.id","venue.name","venue.url","comments.count"
"4cb9b0f943ec6dcbafb79e31","2010-10-16 14:04:41.000000","checkin","Running a bit late, but made it to #wcnyc - looks like it is going to be fun.","-240","4a494ce4f964a5202cab1fe3","Baruch College - William and Anita Newman Vertical Campus","https://foursquare.com/v/baruch-college--william-and-anita-newman-vertical-campus/4a494ce4f964a5202cab1fe3","0"
"id","createdAt","type","timeZoneOffset","venue.id","venue.name","venue.url","comments.count"
"4cb99993bac937041e55e57c","2010-10-16 12:24:51.000000","checkin","-240","4b0ae7cdf964a520ce2923e3","New Rochelle Train Station (NRO) - Metro North & Amtrak","https://foursquare.com/v/new-rochelle-train-station-nro--metro-north--amtrak/4b0ae7cdf964a520ce2923e3","0"
"id","createdAt","type","timeZoneOffset","venue.id","venue.name","venue.url","comments.count"
"4cb8d210bac937049e13e07c","2010-10-15 22:13:36.000000","checkin","-240","4b06fd01f964a520d7f422e3","CHOPT","https://foursquare.com/v/chopt/4b06fd01f964a520d7f422e3","0"
"id","createdAt","type","shout","timeZoneOffset","venue.id","venue.name","venue.url","comments.count"
"4cb605a08db0a1438ed86616","2010-10-13 19:16:48.000000","checkin","At the Fall Convocation","-240","4c3e506edb3b1b8d42486595","The Mason Inn Conference Center & Hotel","https://foursquare.com/v/the-mason-inn-conference-center--hotel/4c3e506edb3b1b8d42486595","0"
"id","createdAt","type","timeZoneOffset","venue.id","venue.name","venue.url","comments.count"
"4cb4874339458cfad98221a0","2010-10-12 16:05:23.000000","checkin","-240","4b842e85f964a520032631e3","Smoothie King","https://foursquare.com/v/smoothie-king/4b842e85f964a520032631e3","0"
"id","createdAt","type","timeZoneOffset","venue.id","venue.name","venue.url","comments.count"
"4cafaac8aef16dcbc56daa54","2010-10-08 23:35:36.000000","checkin","-240","4c504dcc8edf0f478b1b0baf","Silver Diner","https://foursquare.com/v/silver-diner/4c504dcc8edf0f478b1b0baf","0"
"id","createdAt","type","timeZoneOffset","venue.id","venue.name","venue.url","comments.count"
"4ca7c5c014c337044332cd3b","2010-10-02 23:52:32.000000","checkin","-240","4ada28aaf964a5204c1f21e3","Artie's","https://foursquare.com/v/arties/4ada28aaf964a5204c1f21e3","0"
"id","createdAt","type","timeZoneOffset","venue.id","venue.name","venue.url","comments.count"
"4ca753fdf47ea143bb4e6921","2010-10-02 15:47:09.000000","checkin","-240","4b8aadc9f964a520577932e3","Masala Wok","https://foursquare.com/v/masala-wok/4b8aadc9f964a520577932e3","0"
"id","createdAt","type","timeZoneOffset","venue.id","venue.name","venue.url","comments.count"
"4ca7538ef47ea1439c496921","2010-10-02 15:45:18.000000","checkin","-240","4b8aadc9f964a520577932e3","Masala Wok","https://foursquare.com/v/masala-wok/4b8aadc9f964a520577932e3","0"
"id","createdAt","type","timeZoneOffset","venue.id","venue.name","venue.url","comments.count"
"4ca6a291b7106dcb715f60a5","2010-10-02 03:10:09.000000","checkin","-240","4c0163e51b2eb713a45c9992","Bartertown","https://foursquare.com/v/bartertown/4c0163e51b2eb713a45c9992","0"
"id","createdAt","type","shout","timeZoneOffset","venue.id","venue.name","venue.url","comments.count"
"4ca3bf0c7f84224b957ac758","2010-09-29 22:34:52.000000","checkin","Looking forward to meeting folks at #ffxmm","-240","4b94024ff964a520e76034e3","Fairfax Old Town Hall","https://foursquare.com/v/fairfax-old-town-hall/4b94024ff964a520e76034e3","0"
"id","createdAt","type","timeZoneOffset","venue.id","venue.name","venue.url","comments.count"
"4c9f989219e4236a64625a89","2010-09-26 19:01:38.000000","checkin","-240","4a7eccf6f964a52020f21fe3","Wegmans","https://foursquare.com/v/wegmans/4a7eccf6f964a52020f21fe3","0"
"id","createdAt","type","timeZoneOffset","venue.id","venue.name","venue.url","comments.count"
"4c9f84047c096dcb0e22dfd1","2010-09-26 17:33:56.000000","checkin","-240","4b842e85f964a520032631e3","Smoothie King","https://foursquare.com/v/smoothie-king/4b842e85f964a520032631e3","0"
"id","createdAt","type","timeZoneOffset","venue.id","venue.name","venue.url","comments.count"
"4c9f83d72fb1a1434970f440","2010-09-26 17:33:11.000000","checkin","-240","4c77de8ad06b224b95bcffd6","Hair Cuttery","https://foursquare.com/v/hair-cuttery/4c77de8ad06b224b95bcffd6","0"
"id","createdAt","type","timeZoneOffset","venue.id","venue.name","venue.url","comments.count"
"4c9e918d2fb1a1435bfeeb40","2010-09-26 00:19:25.000000","checkin","-240","4c5a11e7ec2520a17fc55012","Chipotle Mexican Grill","https://foursquare.com/v/chipotle-mexican-grill/4c5a11e7ec2520a17fc55012","0"
"id","createdAt","type","timeZoneOffset","venue.id","venue.name","venue.url","comments.count"
"4c9e9186542b224b8694f59f","2010-09-26 00:19:18.000000","checkin","-240","4c5a11e7ec2520a17fc55012","Chipotle Mexican Grill","https://foursquare.com/v/chipotle-mexican-grill/4c5a11e7ec2520a17fc55012","0"
"id","createdAt","type","timeZoneOffset","venue.id","venue.name","venue.url","comments.count"
"4c9d47d3d3c2b60c81edbfbc","2010-09-25 00:52:35.000000","checkin","-240","4a7eccf6f964a52020f21fe3","Wegmans","https://foursquare.com/v/wegmans/4a7eccf6f964a52020f21fe3","0"
"id","createdAt","type","timeZoneOffset","venue.id","venue.name","venue.url","comments.count"
"4c9d354254c8a1cdf593814b","2010-09-24 23:33:22.000000","checkin","-240","4b7b35e5f964a52020582fe3","Student Union Building I","https://foursquare.com/v/student-union-building-i/4b7b35e5f964a52020582fe3","0"
"id","createdAt","type","timeZoneOffset","venue.id","venue.name","venue.url","comments.count"
"4c9cb5f6031337041ba357d5","2010-09-24 14:30:14.000000","checkin","-240","4a7eccf6f964a52020f21fe3","Wegmans","https://foursquare.com/v/wegmans/4a7eccf6f964a52020f21fe3","0"
"id","createdAt","type","timeZoneOffset","venue.id","venue.name","venue.url","comments.count"
"4c9c0567d3c2b60cce59b4bc","2010-09-24 01:56:55.000000","checkin","-240","4a7eccf6f964a52020f21fe3","Wegmans","https://foursquare.com/v/wegmans/4a7eccf6f964a52020f21fe3","0"
"id","createdAt","type","timeZoneOffset","venue.id","venue.name","venue.url","comments.count"
"4c9bb331a004a1cd4b50536e","2010-09-23 20:06:09.000000","checkin","-240","4ba39b0ef964a5204c4b38e3","Bernies Delicatessen & Gourmet Market","https://foursquare.com/v/bernies-delicatessen--gourmet-market/4ba39b0ef964a5204c4b38e3","0"
"id","createdAt","type","timeZoneOffset","venue.id","venue.name","venue.url","comments.count"
"4c9a9e699c66370415665afd","2010-09-23 00:25:13.000000","checkin","-240","4b8aadc9f964a520577932e3","Masala Wok","https://foursquare.com/v/masala-wok/4b8aadc9f964a520577932e3","0"
"id","createdAt","type","timeZoneOffset","venue.id","venue.name","venue.url","comments.count"
"4c9a9e4ca004a1cd54044a6e","2010-09-23 00:24:44.000000","checkin","-240","4b8aadc9f964a520577932e3","Masala Wok","https://foursquare.com/v/masala-wok/4b8aadc9f964a520577932e3","0"
"id","createdAt","type","timeZoneOffset","venue.id","venue.name","venue.url","comments.count"
"4c9805986ffe8cfa01fef92f","2010-09-21 01:08:40.000000","checkin","-240","4ace2d79f964a520dace20e3","Innovation Hall","https://foursquare.com/v/innovation-hall/4ace2d79f964a520dace20e3","0"
"id","createdAt","type","timeZoneOffset","venue.id","venue.name","venue.url","comments.count"
"4c978d5403413704869b8def","2010-09-20 16:35:32.000000","checkin","-240","4b842e85f964a520032631e3","Smoothie King","https://foursquare.com/v/smoothie-king/4b842e85f964a520032631e3","0"
"id","createdAt","type","timeZoneOffset","venue.id","venue.name","venue.url","comments.count"
"4c963d7e94a0236aa4119d12","2010-09-19 16:42:38.000000","checkin","-240","4b5259f5f964a520c07827e3","Molly Pitcher Service Area","https://foursquare.com/v/molly-pitcher-service-area/4b5259f5f964a520c07827e3","0"
"id","createdAt","type","timeZoneOffset","venue.id","venue.name","venue.url","comments.count"
"4c93a2ca38dd8cfa757dc162","2010-09-17 17:18:02.000000","checkin","-240","4bf7d5cf5ec320a1819187d3","Dunkin'","https://foursquare.com/v/dunkin/4bf7d5cf5ec320a1819187d3","0"
"id","createdAt","type","timeZoneOffset","venue.id","venue.name","venue.url","comments.count"
"4c92bf75fc9a224b6f00f5f1","2010-09-17 01:08:05.000000","checkin","-240","4c504dcc8edf0f478b1b0baf","Silver Diner","https://foursquare.com/v/silver-diner/4c504dcc8edf0f478b1b0baf","0"
"id","createdAt","type","timeZoneOffset","venue.id","venue.name","venue.url","comments.count"
"4c910eab7088a143c1c9ad43","2010-09-15 18:21:31.000000","checkin","-240","4b2fa9fff964a520abed24e3","Sushi On","https://foursquare.com/v/sushi-on/4b2fa9fff964a520abed24e3","0"
"id","createdAt","type","timeZoneOffset","venue.id","venue.name","venue.url","comments.count"
"4c8d25cc5e048cfa6d26d3cd","2010-09-12 19:11:08.000000","checkin","-240","4bcf87d2a8b3a593c170625f","Rave Cinemas","https://foursquare.com/v/rave-cinemas/4bcf87d2a8b3a593c170625f","0"
"id","createdAt","type","shout","timeZoneOffset","venue.id","venue.name","venue.url","comments.count"
"4c8bc2c1f0ce236a45a411ef","2010-09-11 17:56:17.000000","checkin","Nice day for a game!","-240","49ca9382f964a520bf581fe3","Nationals Park","https://foursquare.com/v/nationals-park/49ca9382f964a520bf581fe3","0"
"id","createdAt","type","timeZoneOffset","venue.id","venue.name","venue.url","comments.count"
"4c8968662e3337048caaba41","2010-09-09 23:06:14.000000","checkin","-240","4b54b51cf964a5202cc827e3","Franconia-Springfield Metro Station","https://foursquare.com/v/franconiaspringfield-metro-station/4b54b51cf964a5202cc827e3","0"
"id","createdAt","type","timeZoneOffset","venue.id","venue.name","venue.url","comments.count"
"4c89149ff53b236a290caca6","2010-09-09 17:08:47.000000","checkin","-240","4b842e85f964a520032631e3","Smoothie King","https://foursquare.com/v/smoothie-king/4b842e85f964a520032631e3","0"
"id","createdAt","type","timeZoneOffset","venue.id","venue.name","venue.url","comments.count"
"4c890f34ed0aa1432974aef3","2010-09-09 16:45:40.000000","checkin","-240","4bb9dcb01261d13ad7e8e998","Main Street Bagel Deli","https://foursquare.com/v/main-street-bagel-deli/4bb9dcb01261d13ad7e8e998","0"
"id","createdAt","type","timeZoneOffset","venue.id","venue.name","venue.url","comments.count"
"4c83d873d92ea09332945772","2010-09-05 17:50:43.000000","checkin","-240","4b8aadc9f964a520577932e3","Masala Wok","https://foursquare.com/v/masala-wok/4b8aadc9f964a520577932e3","0"
"id","createdAt","type","timeZoneOffset","venue.id","venue.name","venue.url","comments.count"
"4c83d867d92ea093cc935772","2010-09-05 17:50:31.000000","checkin","-240","4b8aadc9f964a520577932e3","Masala Wok","https://foursquare.com/v/masala-wok/4b8aadc9f964a520577932e3","0"
"id","createdAt","type","timeZoneOffset","venue.id","venue.name","venue.url","comments.count"
"4c812490e602b1f7dfca8f7a","2010-09-03 16:38:40.000000","checkin","-240","4bfeb605ac03952163daa880","Office of Student Media","https://foursquare.com/v/office-of-student-media/4bfeb605ac03952163daa880","0"
"id","createdAt","type","timeZoneOffset","venue.id","venue.name","venue.url","comments.count"
"4c811b3047cc224b91d6789f","2010-09-03 15:58:40.000000","checkin","-240","4ba39b0ef964a5204c4b38e3","Bernies Delicatessen & Gourmet Market","https://foursquare.com/v/bernies-delicatessen--gourmet-market/4ba39b0ef964a5204c4b38e3","0"
"id","createdAt","type","shout","timeZoneOffset","venue.id","venue.name","venue.url","comments.count"
"4c7fb2b1171b224bcf8011b1","2010-09-02 14:20:33.000000","checkin","Rocking out at the connection carnival","-240","4b153780f964a5206ba923e3","George Mason University - Bull Run Hall","https://foursquare.com/v/george-mason-university--bull-run-hall/4b153780f964a5206ba923e3","0"
"id","createdAt","type","timeZoneOffset","venue.id","venue.name","venue.url","comments.count"
"4c7edd81a7958cfa531d8f2b","2010-09-01 23:10:57.000000","checkin","-240","4c7edd7c2042b1f73b4cc1ad","Welcome Week - Fairfax Campus - George Mason University","https://foursquare.com/v/welcome-week--fairfax-campus--george-mason-university/4c7edd7c2042b1f73b4cc1ad","0"
"id","createdAt","type","timeZoneOffset","venue.id","venue.name","venue.url","comments.count"
"4c7ec997e4b06dcb953045d7","2010-09-01 21:45:59.000000","checkin","-240","4bfeb605ac03952163daa880","Office of Student Media","https://foursquare.com/v/office-of-student-media/4bfeb605ac03952163daa880","0"
"id","createdAt","type","timeZoneOffset","venue.id","venue.name","venue.url","comments.count"
"4c7ebad11009a093c157454e","2010-09-01 20:42:57.000000","checkin","-240","4e7bb1587d8be48065f298eb","Freshens","https://foursquare.com/v/freshens/4e7bb1587d8be48065f298eb","0"
"id","createdAt","type","timeZoneOffset","venue.id","venue.name","venue.url","comments.count"
"4c7eb98ea7958cfaeaa08e2b","2010-09-01 20:37:34.000000","checkin","-240","4e7bb1587d8be48065f298eb","Freshens","https://foursquare.com/v/freshens/4e7bb1587d8be48065f298eb","0"
"id","createdAt","type","timeZoneOffset","venue.id","venue.name","venue.url","comments.count"
"4c7eb8efa7958cfa069f8e2b","2010-09-01 20:34:55.000000","checkin","-240","4ae080b2f964a520b17f21e3","Johnson Center","https://foursquare.com/v/johnson-center/4ae080b2f964a520b17f21e3","0"
"id","createdAt","type","timeZoneOffset","venue.id","venue.name","venue.url","comments.count"
"4c7d910c5af8b60c530f9010","2010-08-31 23:32:28.000000","checkin","-240","4b6207d8f964a52077312ae3","Verizon","https://foursquare.com/v/verizon/4b6207d8f964a52077312ae3","0"
"id","createdAt","type","timeZoneOffset","venue.id","venue.name","venue.url","comments.count"
"4c7d7c058da18cfa3c899fce","2010-08-31 22:02:45.000000","checkin","-240","462782e1f964a520c5451fe3","The Auld Shebeen","https://foursquare.com/v/the-auld-shebeen/462782e1f964a520c5451fe3","0"
"id","createdAt","type","shout","timeZoneOffset","venue.id","venue.name","venue.url","comments.count"
"4c7d20249221236a25327e3d","2010-08-31 15:30:44.000000","checkin","At welcome week on the PW campus.","-240","412a8500f964a520840c1fe3","George Mason University - Prince William Campus","https://foursquare.com/v/george-mason-university--prince-william-campus/412a8500f964a520840c1fe3","0"
"id","createdAt","type","timeZoneOffset","venue.id","venue.name","venue.url","comments.count"
"4c7c6916ad90224b70578a0c","2010-08-31 02:29:42.000000","checkin","-240","4bfeb605ac03952163daa880","Office of Student Media","https://foursquare.com/v/office-of-student-media/4bfeb605ac03952163daa880","0"
"id","createdAt","type","timeZoneOffset","venue.id","venue.name","venue.url","comments.count"
"4c7c15f92d3ba1434fee95d0","2010-08-30 20:35:05.000000","checkin","-240","4a6bb479f964a520aecf1fe3","Enterprise Hall","https://foursquare.com/v/enterprise-hall/4a6bb479f964a520aecf1fe3","0"
"id","createdAt","type","timeZoneOffset","venue.id","venue.name","venue.url","comments.count"
"4c7c15d381bca0938b190515","2010-08-30 20:34:27.000000","checkin","-240","4c1651161b5cef3b4c78eec4","George Mason University","https://foursquare.com/v/george-mason-university/4c1651161b5cef3b4c78eec4","0"
"id","createdAt","type","timeZoneOffset","venue.id","venue.name","venue.url","comments.count"
"4c7c157481bca09342180515","2010-08-30 20:32:52.000000","checkin","-240","4b8c07b6f964a52097b932e3","La Patisserie - George Mason University","https://foursquare.com/v/la-patisserie--george-mason-university/4b8c07b6f964a52097b932e3","0"
"id","createdAt","type","timeZoneOffset","venue.id","venue.name","venue.url","comments.count"
"4c7c14aa2d3ba1438fea95d0","2010-08-30 20:29:30.000000","checkin","-240","4ae080b2f964a520b17f21e3","Johnson Center","https://foursquare.com/v/johnson-center/4ae080b2f964a520b17f21e3","0"
"id","createdAt","type","timeZoneOffset","venue.id","venue.name","venue.url","comments.count"
"4c798c8fdf08a1cdb32fdb5d","2010-08-28 22:24:15.000000","checkin","-240","40c8f600f964a520ff001fe3","La Tasca","https://foursquare.com/v/la-tasca/40c8f600f964a520ff001fe3","0"
"id","createdAt","type","timeZoneOffset","venue.id","venue.name","venue.url","comments.count"
"4c793f4797028cfabe54dafe","2010-08-28 16:54:31.000000","checkin","-240","4b59e9d4f964a5207aa028e3","Walgreens","https://foursquare.com/v/walgreens/4b59e9d4f964a5207aa028e3","0"
"id","createdAt","type","timeZoneOffset","venue.id","venue.name","venue.url","comments.count"
"4c793f1a93ef236a01ccae0f","2010-08-28 16:53:46.000000","checkin","-240","4b842e85f964a520032631e3","Smoothie King","https://foursquare.com/v/smoothie-king/4b842e85f964a520032631e3","0"
"id","createdAt","type","timeZoneOffset","venue.id","venue.name","venue.url","comments.count"
"4c7938e597028cfaaa3adafe","2010-08-28 16:27:17.000000","checkin","-240","4bb9dcb01261d13ad7e8e998","Main Street Bagel Deli","https://foursquare.com/v/main-street-bagel-deli/4bb9dcb01261d13ad7e8e998","0"
"id","createdAt","type","timeZoneOffset","venue.id","venue.name","venue.url","comments.count"
"4c79388f81bca093bf87fc14","2010-08-28 16:25:51.000000","checkin","-240","4c1651161b5cef3b4c78eec4","George Mason University","https://foursquare.com/v/george-mason-university/4c1651161b5cef3b4c78eec4","0"
"id","createdAt","type","timeZoneOffset","venue.id","venue.name","venue.url","comments.count"
"4c79352fdf08a1cdc4c8d95d","2010-08-28 16:11:27.000000","checkin","-240","4c1651161b5cef3b4c78eec4","George Mason University","https://foursquare.com/v/george-mason-university/4c1651161b5cef3b4c78eec4","0"
"id","createdAt","type","timeZoneOffset","venue.id","venue.name","venue.url","comments.count"
"4c793417bd346dcb117ff4ef","2010-08-28 16:06:47.000000","checkin","-240","4b7b35e5f964a52020582fe3","Student Union Building I","https://foursquare.com/v/student-union-building-i/4b7b35e5f964a52020582fe3","0"
"id","createdAt","type","shout","timeZoneOffset","venue.id","venue.name","venue.url","comments.count"
"4c79340adf08a1cd54c4d95d","2010-08-28 16:06:34.000000","checkin","Said hello to the new Broadside staff","-240","4bfeb605ac03952163daa880","Office of Student Media","https://foursquare.com/v/office-of-student-media/4bfeb605ac03952163daa880","0"
"id","createdAt","type","timeZoneOffset","venue.id","venue.name","venue.url","comments.count"
"4c78438b794e224b78a16128","2010-08-27 23:00:27.000000","checkin","-240","4afc9f58f964a5207d2422e3","Tequila Grande Mexican Cafe","https://foursquare.com/v/tequila-grande-mexican-cafe/4afc9f58f964a5207d2422e3","0"
"id","createdAt","type","timeZoneOffset","venue.id","venue.name","venue.url","comments.count"
"4c78409193ef236a4aabab0f","2010-08-27 22:47:45.000000","checkin","-240","4ba7ee38f964a520a4bf39e3","Amma Vegetarian Kitchen","https://foursquare.com/v/amma-vegetarian-kitchen/4ba7ee38f964a520a4bf39e3","0"
"id","createdAt","type","timeZoneOffset","venue.id","venue.name","venue.url","comments.count"
"4c780c92df08a1cd2b12d65d","2010-08-27 19:05:54.000000","checkin","-240","4bfeb605ac03952163daa880","Office of Student Media","https://foursquare.com/v/office-of-student-media/4bfeb605ac03952163daa880","0"
"id","createdAt","type","timeZoneOffset","venue.id","venue.name","venue.url","comments.count"
"4c780a02bd346dcb16c3f0ef","2010-08-27 18:54:58.000000","checkin","-240","4fc94580d4f24895b4467d7e","Starbucks","https://foursquare.com/v/starbucks/4fc94580d4f24895b4467d7e","0"
"id","createdAt","type","timeZoneOffset","venue.id","venue.name","venue.url","comments.count"
"4c77dccf947ca1cdd6a64837","2010-08-27 15:42:07.000000","checkin","-240","4ba39b0ef964a5204c4b38e3","Bernies Delicatessen & Gourmet Market","https://foursquare.com/v/bernies-delicatessen--gourmet-market/4ba39b0ef964a5204c4b38e3","0"
"id","createdAt","type","timeZoneOffset","venue.id","venue.name","venue.url","comments.count"
"4c76791bb474a1cde203bcbf","2010-08-26 14:24:27.000000","checkin","-240","4bfeb605ac03952163daa880","Office of Student Media","https://foursquare.com/v/office-of-student-media/4bfeb605ac03952163daa880","0"
"id","createdAt","type","timeZoneOffset","venue.id","venue.name","venue.url","comments.count"
"4c76779bb474a1cd63ffbbbf","2010-08-26 14:18:03.000000","checkin","-240","4c50a0c69d642d7f0b583adc","Express General Store - George Mason University","https://foursquare.com/v/express-general-store--george-mason-university/4c50a0c69d642d7f0b583adc","0"
"id","createdAt","type","timeZoneOffset","venue.id","venue.name","venue.url","comments.count"
"4c7676f2ff1fb60c9aeff8a7","2010-08-26 14:15:14.000000","checkin","-240","4e7bb1587d8be48065f298eb","Freshens","https://foursquare.com/v/freshens/4e7bb1587d8be48065f298eb","0"
"id","createdAt","type","timeZoneOffset","venue.id","venue.name","venue.url","comments.count"
"4c7676b01b30a0939e16f209","2010-08-26 14:14:08.000000","checkin","-240","4ae080b2f964a520b17f21e3","Johnson Center","https://foursquare.com/v/johnson-center/4ae080b2f964a520b17f21e3","0"
"id","createdAt","type","timeZoneOffset","venue.id","venue.name","venue.url","comments.count"
"4c767466ff1fb60c16e8f8a7","2010-08-26 14:04:22.000000","checkin","-240","4c1651161b5cef3b4c78eec4","George Mason University","https://foursquare.com/v/george-mason-university/4c1651161b5cef3b4c78eec4","0"
"id","createdAt","type","timeZoneOffset","venue.id","venue.name","venue.url","comments.count"
"4c75abdc66be6dcb802fc10f","2010-08-25 23:48:44.000000","checkin","-240","4b8aadc9f964a520577932e3","Masala Wok","https://foursquare.com/v/masala-wok/4b8aadc9f964a520577932e3","0"
"id","createdAt","type","timeZoneOffset","venue.id","venue.name","venue.url","comments.count"
"4c7531e4604a3704dfe98149","2010-08-25 15:08:20.000000","checkin","-240","4bfeb605ac03952163daa880","Office of Student Media","https://foursquare.com/v/office-of-student-media/4bfeb605ac03952163daa880","0"
"id","createdAt","type","timeZoneOffset","venue.id","venue.name","venue.url","comments.count"
"4c751fcdff1fb60ca33cf5a7","2010-08-25 13:51:09.000000","checkin","-240","4b7b35e5f964a52020582fe3","Student Union Building I","https://foursquare.com/v/student-union-building-i/4b7b35e5f964a52020582fe3","0"
"id","createdAt","type","timeZoneOffset","venue.id","venue.name","venue.url","comments.count"
"4c751fc2c219224b298da128","2010-08-25 13:50:58.000000","checkin","-240","4bfeb605ac03952163daa880","Office of Student Media","https://foursquare.com/v/office-of-student-media/4bfeb605ac03952163daa880","0"
"id","createdAt","type","timeZoneOffset","venue.id","venue.name","venue.url","comments.count"
"4c751ed33adda143e05806af","2010-08-25 13:46:59.000000","checkin","-240","4b7b35e5f964a52020582fe3","Student Union Building I","https://foursquare.com/v/student-union-building-i/4b7b35e5f964a52020582fe3","0"
"id","createdAt","type","timeZoneOffset","venue.id","venue.name","venue.url","comments.count"
"4c751ea5c219224bd289a128","2010-08-25 13:46:13.000000","checkin","-240","4c1651161b5cef3b4c78eec4","George Mason University","https://foursquare.com/v/george-mason-university/4c1651161b5cef3b4c78eec4","0"
"id","createdAt","type","timeZoneOffset","venue.id","venue.name","venue.url","comments.count"
"4c751e78d8948cfa0ab766da","2010-08-25 13:45:28.000000","checkin","-240","4ae080b2f964a520b17f21e3","Johnson Center","https://foursquare.com/v/johnson-center/4ae080b2f964a520b17f21e3","0"
"id","createdAt","type","timeZoneOffset","venue.id","venue.name","venue.url","comments.count"
"4c751df73adda143675606af","2010-08-25 13:43:19.000000","checkin","-240","4ace2d79f964a520dace20e3","Innovation Hall","https://foursquare.com/v/innovation-hall/4ace2d79f964a520dace20e3","0"
"id","createdAt","type","timeZoneOffset","venue.id","venue.name","venue.url","comments.count"
"4c741c49d8948cfa641464da","2010-08-24 19:23:53.000000","checkin","-240","4ae080b2f964a520b17f21e3","Johnson Center","https://foursquare.com/v/johnson-center/4ae080b2f964a520b17f21e3","0"
"id","createdAt","type","timeZoneOffset","venue.id","venue.name","venue.url","comments.count"
"4c741bef604a3704eb117f49","2010-08-24 19:22:23.000000","checkin","-240","4b7b35e5f964a52020582fe3","Student Union Building I","https://foursquare.com/v/student-union-building-i/4b7b35e5f964a52020582fe3","0"
"id","createdAt","type","timeZoneOffset","venue.id","venue.name","venue.url","comments.count"
"4c73f3c2db52b1f74ba674dc","2010-08-24 16:30:58.000000","checkin","-240","4bfeb605ac03952163daa880","Office of Student Media","https://foursquare.com/v/office-of-student-media/4bfeb605ac03952163daa880","0"
"id","createdAt","type","timeZoneOffset","venue.id","venue.name","venue.url","comments.count"
"4c731f3713228cfaae122d65","2010-08-24 01:24:07.000000","checkin","-240","4c0163e51b2eb713a45c9992","Bartertown","https://foursquare.com/v/bartertown/4c0163e51b2eb713a45c9992","0"
"id","createdAt","type","timeZoneOffset","venue.id","venue.name","venue.url","comments.count"
"4c72b140376da093a80fa7c6","2010-08-23 17:34:56.000000","checkin","-240","4ae080b2f964a520b17f21e3","Johnson Center","https://foursquare.com/v/johnson-center/4ae080b2f964a520b17f21e3","0"
"id","createdAt","type","timeZoneOffset","venue.id","venue.name","venue.url","comments.count"
"4c72b1289e706dcb617c4b62","2010-08-23 17:34:32.000000","checkin","-240","4c1651161b5cef3b4c78eec4","George Mason University","https://foursquare.com/v/george-mason-university/4c1651161b5cef3b4c78eec4","0"
"id","createdAt","type","timeZoneOffset","venue.id","venue.name","venue.url","comments.count"
"4c72a2aa0e23b1f796411edc","2010-08-23 16:32:42.000000","checkin","-240","4bfeb605ac03952163daa880","Office of Student Media","https://foursquare.com/v/office-of-student-media/4bfeb605ac03952163daa880","0"
"id","createdAt","type","timeZoneOffset","venue.id","venue.name","venue.url","comments.count"
"4c71ba940e23b1f71f241cdc","2010-08-23 00:02:28.000000","checkin","-240","4c5a11e7ec2520a17fc55012","Chipotle Mexican Grill","https://foursquare.com/v/chipotle-mexican-grill/4c5a11e7ec2520a17fc55012","0"
"id","createdAt","type","timeZoneOffset","venue.id","venue.name","venue.url","comments.count"
"4c704433fa49a1cd9c9ba5e3","2010-08-21 21:25:07.000000","checkin","-240","4b954045f964a520fb9734e3","West Coast Teriyaki","https://foursquare.com/v/west-coast-teriyaki/4b954045f964a520fb9734e3","0"
"id","createdAt","type","timeZoneOffset","venue.id","venue.name","venue.url","comments.count"
"4c7002abb5a5236adbce4e52","2010-08-21 16:45:31.000000","checkin","-240","4b8aadc9f964a520577932e3","Masala Wok","https://foursquare.com/v/masala-wok/4b8aadc9f964a520577932e3","0"
"id","createdAt","type","timeZoneOffset","venue.id","venue.name","venue.url","comments.count"
"4c6f33769c6d6dcb1202cf7a","2010-08-21 02:01:26.000000","checkin","-240","4c0163e51b2eb713a45c9992","Bartertown","https://foursquare.com/v/bartertown/4c0163e51b2eb713a45c9992","0"
"id","createdAt","type","timeZoneOffset","venue.id","venue.name","venue.url","comments.count"
"4c6f2448b5a5236a686f4c52","2010-08-21 00:56:40.000000","checkin","-240","4c4ed969f53d0f47227131a7","7-Eleven","https://foursquare.com/v/7eleven/4c4ed969f53d0f47227131a7","0"
"id","createdAt","type","timeZoneOffset","venue.id","venue.name","venue.url","comments.count"
"4c6f15a6fa49a1cd0500a2e3","2010-08-20 23:54:14.000000","checkin","-240","4baab281f964a520b4803ae3","Anita's New Mexican Style Mexican Food","https://foursquare.com/v/anitas-new-mexican-style-mexican-food/4baab281f964a520b4803ae3","0"
"id","createdAt","type","timeZoneOffset","venue.id","venue.name","venue.url","comments.count"
"4c6ecf7da437224b330331b1","2010-08-20 18:54:53.000000","checkin","-240","4bfeb605ac03952163daa880","Office of Student Media","https://foursquare.com/v/office-of-student-media/4bfeb605ac03952163daa880","0"
"id","createdAt","type","timeZoneOffset","venue.id","venue.name","venue.url","comments.count"
"4c6eb00ca437224b349030b1","2010-08-20 16:40:44.000000","checkin","-240","4b7b35e5f964a52020582fe3","Student Union Building I","https://foursquare.com/v/student-union-building-i/4b7b35e5f964a52020582fe3","0"
"id","createdAt","type","timeZoneOffset","venue.id","venue.name","venue.url","comments.count"
"4c6eb0024d24b60c6360d9d8","2010-08-20 16:40:34.000000","checkin","-240","4bfeb605ac03952163daa880","Office of Student Media","https://foursquare.com/v/office-of-student-media/4bfeb605ac03952163daa880","0"
"id","createdAt","type","timeZoneOffset","venue.id","venue.name","venue.url","comments.count"
"4c6eaff7d5c3a1cd39fdc82b","2010-08-20 16:40:23.000000","checkin","-240","4b7b35e5f964a52020582fe3","Student Union Building I","https://foursquare.com/v/student-union-building-i/4b7b35e5f964a52020582fe3","0"
"id","createdAt","type","timeZoneOffset","venue.id","venue.name","venue.url","comments.count"
"4c6eaf7af338236a34230b1b","2010-08-20 16:38:18.000000","checkin","-240","4ae080b2f964a520b17f21e3","Johnson Center","https://foursquare.com/v/johnson-center/4ae080b2f964a520b17f21e3","0"
"id","createdAt","type","timeZoneOffset","venue.id","venue.name","venue.url","comments.count"
"4c6eaf5c10faa1433468f168","2010-08-20 16:37:48.000000","checkin","-240","4e7bb1587d8be48065f298eb","Freshens","https://foursquare.com/v/freshens/4e7bb1587d8be48065f298eb","0"
"id","createdAt","type","timeZoneOffset","venue.id","venue.name","venue.url","comments.count"
"4c6eae9cd5c3a1cd4af8c82b","2010-08-20 16:34:36.000000","checkin","-240","4c1651161b5cef3b4c78eec4","George Mason University","https://foursquare.com/v/george-mason-university/4c1651161b5cef3b4c78eec4","0"
"id","createdAt","type","timeZoneOffset","venue.id","venue.name","venue.url","comments.count"
"4c6db6b14d24b60c63bad6d8","2010-08-19 22:56:49.000000","checkin","-240","4ad8fa42f964a520a91621e3","Kanlaya Thai Cuisine","https://foursquare.com/v/kanlaya-thai-cuisine/4ad8fa42f964a520a91621e3","0"
"id","createdAt","type","shout","timeZoneOffset","venue.id","venue.name","venue.url","comments.count"
"4c6db68ec52437049b0029eb","2010-08-19 22:56:14.000000","checkin","Wow, first time I ever made it back early. Gotta try the 2 pm again","-240","4b38c79bf964a520445025e3","Megabus Bus Stop","https://foursquare.com/v/megabus-bus-stop/4b38c79bf964a520445025e3","0"
"id","createdAt","type","shout","timeZoneOffset","venue.id","venue.name","venue.url","comments.count"
"4c6db29e65eda093ae6d4fd0","2010-08-19 22:39:26.000000","checkin","Wow, first time I ever made it back early. Gotta try the 2 pm again","-240","4b38c79bf964a520445025e3","Megabus Bus Stop","https://foursquare.com/v/megabus-bus-stop/4b38c79bf964a520445025e3","0"
"id","createdAt","type","timeZoneOffset","venue.id","venue.name","venue.url","comments.count"
"4c6d6d9365eda09309934ed0","2010-08-19 17:44:51.000000","checkin","-240","4a8ac952f964a520590a20e3","BoltBus Midtown Stop","https://foursquare.com/v/boltbus-midtown-stop/4a8ac952f964a520590a20e3","0"
"id","createdAt","type","timeZoneOffset","venue.id","venue.name","venue.url","comments.count"
"4c6985258d22c9282975b745","2010-08-16 18:36:21.000000","checkin","-240","4b060ce2f964a520ffe722e3","Barnes & Noble","https://foursquare.com/v/barnes--noble/4b060ce2f964a520ffe722e3","0"
"id","createdAt","type","timeZoneOffset","venue.id","venue.name","venue.url","comments.count"
"4c695a8c8e7c0f474356df0f","2010-08-16 15:34:36.000000","checkin","-240","4c49e0816594be9a139ead25","Falafal Bar","https://foursquare.com/v/falafal-bar/4c49e0816594be9a139ead25","0"
"id","createdAt","type","timeZoneOffset","venue.id","venue.name","venue.url","comments.count"
"4c6952d02c29d13a54dc0a41","2010-08-16 15:01:36.000000","checkin","-240","5284cc2811d229f88c0e6284","Dr. Katz","https://foursquare.com/v/dr-katz/5284cc2811d229f88c0e6284","0"
"id","createdAt","type","timeZoneOffset","venue.id","venue.name","venue.url","comments.count"
"4c6896d1fe6ad13a378870ae","2010-08-16 01:39:29.000000","checkin","-240","4b3672c7f964a520ab3525e3","Regal New Roc 4DX, IMAX & RPX","https://foursquare.com/v/regal-new-roc-4dx-imax--rpx/4b3672c7f964a520ab3525e3","0"
"id","createdAt","type","timeZoneOffset","venue.id","venue.name","venue.url","comments.count"
"4c6864c4d9c7c9b6486ac41a","2010-08-15 22:05:56.000000","checkin","-240","4bfaba1bb182c9b6b2ba7a5a","Toyo Sushi","https://foursquare.com/v/toyo-sushi/4bfaba1bb182c9b6b2ba7a5a","0"
"id","createdAt","type","timeZoneOffset","venue.id","venue.name","venue.url","comments.count"
"4c672079e1da1b8db4309dc3","2010-08-14 23:02:17.000000","checkin","-240","4cb51cc9f6616dcbf18dd508","Larchmont, NY","https://foursquare.com/v/larchmont-ny/4cb51cc9f6616dcbf18dd508","0"
"id","createdAt","type","timeZoneOffset","venue.id","venue.name","venue.url","comments.count"
"4c66110db80abe9a6756cce5","2010-08-14 03:44:13.000000","checkin","-240","4b209ba7f964a520643324e3","St. Marks Karaoke","https://foursquare.com/v/st-marks-karaoke/4b209ba7f964a520643324e3","0"
"id","createdAt","type","timeZoneOffset","venue.id","venue.name","venue.url","comments.count"
"4c6603ace75ac92815b2f6da","2010-08-14 02:47:08.000000","checkin","-240","40abf500f964a52034f31ee3","Chinatown Fair","https://foursquare.com/v/chinatown-fair/40abf500f964a52034f31ee3","0"
"id","createdAt","type","timeZoneOffset","venue.id","venue.name","venue.url","comments.count"
"4c65f8bdc2ead13ab1beb280","2010-08-14 02:00:29.000000","checkin","-240","4a00def5f964a520b9701fe3","Hop Lee Restaurant","https://foursquare.com/v/hop-lee-restaurant/4a00def5f964a520b9701fe3","0"
"id","createdAt","type","timeZoneOffset","venue.id","venue.name","venue.url","comments.count"
"4c65cfef7abde21ebadc6168","2010-08-13 23:06:23.000000","checkin","-240","3fd66200f964a520daf11ee3","South Street Seaport","https://foursquare.com/v/south-street-seaport/3fd66200f964a520daf11ee3","0"
"id","createdAt","type","timeZoneOffset","venue.id","venue.name","venue.url","comments.count"
"4c65c25e7abde21e54ac6168","2010-08-13 22:08:30.000000","checkin","-240","42829c80f964a5206a221fe3","Grand Central Terminal","https://foursquare.com/v/grand-central-terminal/42829c80f964a5206a221fe3","0"
"id","createdAt","type","timeZoneOffset","venue.id","venue.name","venue.url","comments.count"
"4c65b355f7a80f47370a9c7a","2010-08-13 21:04:21.000000","checkin","-240","4af09bfef964a5209ddd21e3","Metro North - Larchmont Train Station","https://foursquare.com/v/metro-north--larchmont-train-station/4af09bfef964a5209ddd21e3","0"
"id","createdAt","type","timeZoneOffset","venue.id","venue.name","venue.url","comments.count"
"4c65b162c2ead13a14bcb180","2010-08-13 20:56:02.000000","checkin","-240","4b4a2391f964a520017c26e3","aroma","https://foursquare.com/v/aroma/4b4a2391f964a520017c26e3","0"
"id","createdAt","type","timeZoneOffset","venue.id","venue.name","venue.url","comments.count"
"4c64abc1e0c4be9ada528658","2010-08-13 02:19:45.000000","checkin","-240","4c4f525963690f47f4af4546","Home","https://foursquare.com/v/home/4c4f525963690f47f4af4546","0"
"id","createdAt","type","timeZoneOffset","venue.id","venue.name","venue.url","comments.count"
"4c649476d02b20a1235a9b90","2010-08-13 00:40:22.000000","checkin","-240","4b81b8acf964a520f2b930e3","Hunan Larchmont","https://foursquare.com/v/hunan-larchmont/4b81b8acf964a520f2b930e3","0"
"id","createdAt","type","timeZoneOffset","venue.id","venue.name","venue.url","comments.count"
"4c63522c58810f475899091e","2010-08-12 01:45:16.000000","checkin","-240","4c4f525963690f47f4af4546","Home","https://foursquare.com/v/home/4c4f525963690f47f4af4546","0"
"id","createdAt","type","shout","timeZoneOffset","venue.id","venue.name","venue.url","comments.count"
"4c634fc5fa7bc92843761027","2010-08-12 01:35:01.000000","checkin","Back in the 10538","-240","4cb51cc9f6616dcbf18dd508","Larchmont, NY","https://foursquare.com/v/larchmont-ny/4cb51cc9f6616dcbf18dd508","0"
"id","createdAt","type","shout","timeZoneOffset","venue.id","venue.name","venue.url","comments.count"
"4c633e47fa7bc928af3b1027","2010-08-12 00:20:23.000000","checkin","How is it that every time I come in on the BoltBus I manage to just miss my MetroNorth train?","-240","42829c80f964a5206a221fe3","Grand Central Terminal","https://foursquare.com/v/grand-central-terminal/42829c80f964a5206a221fe3","0"
"id","createdAt","type","timeZoneOffset","venue.id","venue.name","venue.url","comments.count"
"4c62f122edd320a18527ae29","2010-08-11 18:51:14.000000","checkin","-240","4b38c79bf964a520445025e3","Megabus Bus Stop","https://foursquare.com/v/megabus-bus-stop/4b38c79bf964a520445025e3","0"
"id","createdAt","type","shout","timeZoneOffset","venue.id","venue.name","venue.url","comments.count"
"4c62e40686b6be9a8c2d8d34","2010-08-11 17:55:18.000000","checkin","Lunch time before I jump the BoltBus to NYC","-240","49fb287ef964a5201d6e1fe3","Cosi","https://foursquare.com/v/cosi/49fb287ef964a5201d6e1fe3","0"
"id","createdAt","type","timeZoneOffset","venue.id","venue.name","venue.url","comments.count"
"4c62e3a158810f47474e081e","2010-08-11 17:53:37.000000","checkin","-240","4a689e0df964a520aaca1fe3","Metro Center Metro Station","https://foursquare.com/v/metro-center-metro-station/4a689e0df964a520aaca1fe3","0"
"id","createdAt","type","shout","timeZoneOffset","venue.id","venue.name","venue.url","comments.count"
"4c62d897edd320a1b6e2ad29","2010-08-11 17:06:31.000000","checkin","So hot. I think it is breaking the SmartTrip machines, they are freaking out.","-240","4a971024f964a5203c2820e3","Vienna/Fairfax-GMU Metro Station","https://foursquare.com/v/viennafairfaxgmu-metro-station/4a971024f964a5203c2820e3","0"
"id","createdAt","type","timeZoneOffset","venue.id","venue.name","venue.url","comments.count"
"4c619aa3ec94a593b54a27ca","2010-08-10 18:29:55.000000","checkin","-240","4c0163e51b2eb713a45c9992","Bartertown","https://foursquare.com/v/bartertown/4c0163e51b2eb713a45c9992","0"
"id","createdAt","type","timeZoneOffset","venue.id","venue.name","venue.url","comments.count"
"4c618db2ec94a593402727ca","2010-08-10 17:34:42.000000","checkin","-240","4ba2c4b8f964a520b01738e3","Havabite Eatery","https://foursquare.com/v/havabite-eatery/4ba2c4b8f964a520b01738e3","0"
"id","createdAt","type","timeZoneOffset","venue.id","venue.name","venue.url","comments.count"
"4c6180dfec94a593f6fc26ca","2010-08-10 16:39:59.000000","checkin","-240","4bfeb605ac03952163daa880","Office of Student Media","https://foursquare.com/v/office-of-student-media/4bfeb605ac03952163daa880","0"
"id","createdAt","type","timeZoneOffset","venue.id","venue.name","venue.url","comments.count"
"4c608d9c12e5c9281a8c1f4c","2010-08-09 23:22:04.000000","checkin","-240","4b92ab92f964a520c20f34e3","Courtside Thai","https://foursquare.com/v/courtside-thai/4b92ab92f964a520c20f34e3","0"
"id","createdAt","type","timeZoneOffset","venue.id","venue.name","venue.url","comments.count"
"4c603c9a13791b8d97004faf","2010-08-09 17:36:26.000000","checkin","-240","4bfeb605ac03952163daa880","Office of Student Media","https://foursquare.com/v/office-of-student-media/4bfeb605ac03952163daa880","0"
"id","createdAt","type","timeZoneOffset","venue.id","venue.name","venue.url","comments.count"
"4c5ff763cd522d7fc7f6cc3f","2010-08-09 12:41:07.000000","checkin","-240","4bb9dcb01261d13ad7e8e998","Main Street Bagel Deli","https://foursquare.com/v/main-street-bagel-deli/4bb9dcb01261d13ad7e8e998","0"
"id","createdAt","type","timeZoneOffset","venue.id","venue.name","venue.url","comments.count"
"4c5e0ccbd25320a11ef1c77a","2010-08-08 01:47:55.000000","checkin","-240","4bcf87d2a8b3a593c170625f","Rave Cinemas","https://foursquare.com/v/rave-cinemas/4bcf87d2a8b3a593c170625f","0"
"id","createdAt","type","timeZoneOffset","venue.id","venue.name","venue.url","comments.count"
"4c5e0cbc6147be9a47029409","2010-08-08 01:47:40.000000","checkin","-240","4bdc9b9fc79cc928175787e9","Fairfax Corner Water Feature Fountain","https://foursquare.com/v/fairfax-corner-water-feature-fountain/4bdc9b9fc79cc928175787e9","0"
"id","createdAt","type","timeZoneOffset","venue.id","venue.name","venue.url","comments.count"
"4c5e071694fd0f47fa4fcd45","2010-08-08 01:23:34.000000","checkin","-240","4bbb4cf01261d13ae87beb98","Ben & Jerryâ€™s","https://foursquare.com/v/ben--jerrys/4bbb4cf01261d13ae87beb98","0"
"id","createdAt","type","timeZoneOffset","venue.id","venue.name","venue.url","comments.count"
"4c5e06547f661b8d8e354d1c","2010-08-08 01:20:20.000000","checkin","-240","4bcf87d2a8b3a593c170625f","Rave Cinemas","https://foursquare.com/v/rave-cinemas/4bcf87d2a8b3a593c170625f","0"
"id","createdAt","type","timeZoneOffset","venue.id","venue.name","venue.url","comments.count"
"4c5e022885a1e21e213c5b11","2010-08-08 01:02:32.000000","checkin","-240","4acfbcebf964a520a4d520e3","Moby Dick House of Kabob","https://foursquare.com/v/moby-dick-house-of-kabob/4acfbcebf964a520a4d520e3","0"
"id","createdAt","type","timeZoneOffset","venue.id","venue.name","venue.url","comments.count"
"4c5de32fd25320a17f64c77a","2010-08-07 22:50:23.000000","checkin","-240","4bf7daad4a67c928133c24cf","Reston's Used Book Store","https://foursquare.com/v/restons-used-book-store/4bf7daad4a67c928133c24cf","0"
"id","createdAt","type","timeZoneOffset","venue.id","venue.name","venue.url","comments.count"
"4c5dcfe99b28d13af5b95a70","2010-08-07 21:28:09.000000","checkin","-240","4a7194f1f964a52047d91fe3","Cafe Montmartre","https://foursquare.com/v/cafe-montmartre/4a7194f1f964a52047d91fe3","0"
"id","createdAt","type","timeZoneOffset","venue.id","venue.name","venue.url","comments.count"
"4c5dcb6d9b28d13a58ab5a70","2010-08-07 21:09:01.000000","checkin","-240","4a7194f1f964a52047d91fe3","Cafe Montmartre","https://foursquare.com/v/cafe-montmartre/4a7194f1f964a52047d91fe3","0"
"id","createdAt","type","timeZoneOffset","venue.id","venue.name","venue.url","comments.count"
"4c5dcb2f6147be9abd229309","2010-08-07 21:07:59.000000","checkin","-240","4b92d183f964a520a51e34e3","Lake Anne Coffee House","https://foursquare.com/v/lake-anne-coffee-house/4b92d183f964a520a51e34e3","0"
"id","createdAt","type","timeZoneOffset","venue.id","venue.name","venue.url","comments.count"
"4c5dbb8e9b28d13a52755a70","2010-08-07 20:01:18.000000","checkin","-240","4c5db9ad857ca5938bbbcdcb","WeMedia","https://foursquare.com/v/wemedia/4c5db9ad857ca5938bbbcdcb","0"
"id","createdAt","type","shout","timeZoneOffset","venue.id","venue.name","venue.url","comments.count"
"4c5d948d6147be9a70639209","2010-08-07 17:14:53.000000","checkin","Lunch!","-240","4a7484eff964a52069de1fe3","Panera Bread","https://foursquare.com/v/panera-bread/4a7484eff964a52069de1fe3","0"
"id","createdAt","type","timeZoneOffset","venue.id","venue.name","venue.url","comments.count"
"4c5c68b37735c9b688338c72","2010-08-06 19:55:31.000000","checkin","-240","4bfeb605ac03952163daa880","Office of Student Media","https://foursquare.com/v/office-of-student-media/4bfeb605ac03952163daa880","0"
"id","createdAt","type","timeZoneOffset","venue.id","venue.name","venue.url","comments.count"
"4c5c56bc7735c9b6d6fe8b72","2010-08-06 18:38:52.000000","checkin","-240","4aa2fb1cf964a520da4220e3","Bombay Cafe","https://foursquare.com/v/bombay-cafe/4aa2fb1cf964a520da4220e3","0"
"id","createdAt","type","timeZoneOffset","venue.id","venue.name","venue.url","comments.count"
"4c55c4e1479fc928b6106c95","2010-08-01 19:02:57.000000","checkin","-240","4c0163e51b2eb713a45c9992","Bartertown","https://foursquare.com/v/bartertown/4c0163e51b2eb713a45c9992","0"
"id","createdAt","type","timeZoneOffset","venue.id","venue.name","venue.url","comments.count"
"4c53177f06901b8dc1ee8849","2010-07-30 18:18:39.000000","checkin","-240","4c3e506edb3b1b8d42486595","The Mason Inn Conference Center & Hotel","https://foursquare.com/v/the-mason-inn-conference-center--hotel/4c3e506edb3b1b8d42486595","0"
"id","createdAt","type","timeZoneOffset","venue.id","venue.name","venue.url","comments.count"
"4c50cfeed797e21e17ec007b","2010-07-29 00:48:46.000000","checkin","-240","41366280f964a520c41a1fe3","R.F.D. Washington","https://foursquare.com/v/rfd-washington/41366280f964a520c41a1fe3","0"
"id","createdAt","type","timeZoneOffset","venue.id","venue.name","venue.url","comments.count"
"4c50c05c3940be9af0c9b607","2010-07-28 23:42:20.000000","checkin","-240","4c0e7caf98102d7fd2bbe306","National Public Radio","https://foursquare.com/v/national-public-radio/4c0e7caf98102d7fd2bbe306","0"
"id","createdAt","type","timeZoneOffset","venue.id","venue.name","venue.url","comments.count"
"4c504e8d7537e21e4934b689","2010-07-28 15:36:45.000000","checkin","-240","4bfeb605ac03952163daa880","Office of Student Media","https://foursquare.com/v/office-of-student-media/4bfeb605ac03952163daa880","0"
"id","createdAt","type","timeZoneOffset","venue.id","venue.name","venue.url","comments.count"
"4c4efb791b8e1b8d6ba20e28","2010-07-27 15:30:01.000000","checkin","-240","4bfeb605ac03952163daa880","Office of Student Media","https://foursquare.com/v/office-of-student-media/4bfeb605ac03952163daa880","0"
"id","createdAt","type","shout","timeZoneOffset","venue.id","venue.name","venue.url","comments.count"
"4c4e56b792b6a5938d71bd6f","2010-07-27 03:47:03.000000","checkin","StarCraft 2","-240","4b801fe5f964a5205e5430e3","GameStop","https://foursquare.com/v/gamestop/4b801fe5f964a5205e5430e3","0"
"id","createdAt","type","timeZoneOffset","venue.id","venue.name","venue.url","comments.count"
"4c4dc46092b6a593c405da6e","2010-07-26 17:22:40.000000","checkin","-240","4a7484eff964a52069de1fe3","Panera Bread","https://foursquare.com/v/panera-bread/4a7484eff964a52069de1fe3","0"
"id","createdAt","type","timeZoneOffset","venue.id","venue.name","venue.url","comments.count"
"4c4db0dd9932e21eaaed9bcc","2010-07-26 15:59:25.000000","checkin","-240","4bfeb605ac03952163daa880","Office of Student Media","https://foursquare.com/v/office-of-student-media/4bfeb605ac03952163daa880","0"
"id","createdAt","type","timeZoneOffset","venue.id","venue.name","venue.url","comments.count"
"4c4cdcd8f5afa593bd2f9dd6","2010-07-26 00:54:48.000000","checkin","-240","4a7eccf6f964a52020f21fe3","Wegmans","https://foursquare.com/v/wegmans/4a7eccf6f964a52020f21fe3","0"
"id","createdAt","type","timeZoneOffset","venue.id","venue.name","venue.url","comments.count"
"4c4b835b5609c9b6e0e13591","2010-07-25 00:20:43.000000","checkin","-240","4c5a11e7ec2520a17fc55012","Chipotle Mexican Grill","https://foursquare.com/v/chipotle-mexican-grill/4c5a11e7ec2520a17fc55012","0"
"id","createdAt","type","timeZoneOffset","venue.id","venue.name","venue.url","comments.count"
"4c4b1089959220a1c17f080f","2010-07-24 16:10:49.000000","checkin","-240","4b8aadc9f964a520577932e3","Masala Wok","https://foursquare.com/v/masala-wok/4b8aadc9f964a520577932e3","0"
"id","createdAt","type","timeZoneOffset","venue.id","venue.name","venue.url","comments.count"
"4c4a23f69c8d2d7f170d1a69","2010-07-23 23:21:26.000000","checkin","-240","4ac57864f964a52026b220e3","Champps Americana","https://foursquare.com/v/champps-americana/4ac57864f964a52026b220e3","0"
"id","createdAt","type","timeZoneOffset","venue.id","venue.name","venue.url","comments.count"
"4c49cdd09e3e2d7fd8544649","2010-07-23 17:13:52.000000","checkin","-240","4b2fa9fff964a520abed24e3","Sushi On","https://foursquare.com/v/sushi-on/4b2fa9fff964a520abed24e3","0"
"id","createdAt","type","timeZoneOffset","venue.id","venue.name","venue.url","comments.count"
"4c4863d5417b20a119c0e0a9","2010-07-22 15:29:25.000000","checkin","-240","4ae080b2f964a520b17f21e3","Johnson Center","https://foursquare.com/v/johnson-center/4ae080b2f964a520b17f21e3","0"
"id","createdAt","type","timeZoneOffset","venue.id","venue.name","venue.url","comments.count"
"4c483243972c0f47f21c2621","2010-07-22 11:57:55.000000","checkin","-240","4c2346b213c00f4723b788de","Center for the Arts","https://foursquare.com/v/center-for-the-arts/4c2346b213c00f4723b788de","0"
"id","createdAt","type","timeZoneOffset","venue.id","venue.name","venue.url","comments.count"
"4c4500ec8c1f20a15c493d99","2010-07-20 01:50:36.000000","checkin","-240","4c3e506edb3b1b8d42486595","The Mason Inn Conference Center & Hotel","https://foursquare.com/v/the-mason-inn-conference-center--hotel/4c3e506edb3b1b8d42486595","0"
"id","createdAt","type","timeZoneOffset","venue.id","venue.name","venue.url","comments.count"
"4c44a717dcd61b8dcaa47b56","2010-07-19 19:27:19.000000","checkin","-240","4ae080b2f964a520b17f21e3","Johnson Center","https://foursquare.com/v/johnson-center/4ae080b2f964a520b17f21e3","0"
"id","createdAt","type","timeZoneOffset","venue.id","venue.name","venue.url","comments.count"
"4c449c0df799e21e2111aea2","2010-07-19 18:40:13.000000","checkin","-240","4bfeb605ac03952163daa880","Office of Student Media","https://foursquare.com/v/office-of-student-media/4bfeb605ac03952163daa880","0"
"id","createdAt","type","timeZoneOffset","venue.id","venue.name","venue.url","comments.count"
"4c443f4f429a0f471269481e","2010-07-19 12:04:31.000000","checkin","-240","4c2346b213c00f4723b788de","Center for the Arts","https://foursquare.com/v/center-for-the-arts/4c2346b213c00f4723b788de","0"
"id","createdAt","type","timeZoneOffset","venue.id","venue.name","venue.url","comments.count"
"4c43ae66f799e21eeae1aca2","2010-07-19 01:46:14.000000","checkin","-240","4bcf87d2a8b3a593c170625f","Rave Cinemas","https://foursquare.com/v/rave-cinemas/4bcf87d2a8b3a593c170625f","0"
"id","createdAt","type","timeZoneOffset","venue.id","venue.name","venue.url","comments.count"
"4c434b0ee26920a1954461e7","2010-07-18 18:42:22.000000","checkin","-240","4b2af52df964a520dfb224e3","The Cheesecake Factory","https://foursquare.com/v/the-cheesecake-factory/4b2af52df964a520dfb224e3","0"
"id","createdAt","type","timeZoneOffset","venue.id","venue.name","venue.url","comments.count"
"4c422f73ff711b8d00291305","2010-07-17 22:32:19.000000","checkin","-240","4b4886daf964a520c64e26e3","Giant Food","https://foursquare.com/v/giant-food/4b4886daf964a520c64e26e3","0"
"id","createdAt","type","timeZoneOffset","venue.id","venue.name","venue.url","comments.count"
"4c41f883e26920a1454b5fe7","2010-07-17 18:37:55.000000","checkin","-240","4cc84e6173fd6dcb268d1b86","Shilla Bakery & Cafe","https://foursquare.com/v/shilla-bakery--cafe/4cc84e6173fd6dcb268d1b86","0"
"id","createdAt","type","timeZoneOffset","venue.id","venue.name","venue.url","comments.count"
"4c41f867520fa5938372caac","2010-07-17 18:37:27.000000","checkin","-240","4b8aadc9f964a520577932e3","Masala Wok","https://foursquare.com/v/masala-wok/4b8aadc9f964a520577932e3","0"
"id","createdAt","type","timeZoneOffset","venue.id","venue.name","venue.url","comments.count"
"4c41e79ce26920a17f2a5fe7","2010-07-17 17:25:48.000000","checkin","-240","4bfeb605ac03952163daa880","Office of Student Media","https://foursquare.com/v/office-of-student-media/4bfeb605ac03952163daa880","0"
"id","createdAt","type","timeZoneOffset","venue.id","venue.name","venue.url","comments.count"
"4c41c1d8d7fad13ae4f607da","2010-07-17 14:44:40.000000","checkin","-240","4b842e85f964a520032631e3","Smoothie King","https://foursquare.com/v/smoothie-king/4b842e85f964a520032631e3","0"
"id","createdAt","type","timeZoneOffset","venue.id","venue.name","venue.url","comments.count"
"4c41c17e3735be9a78d818a4","2010-07-17 14:43:10.000000","checkin","-240","4bb9dcb01261d13ad7e8e998","Main Street Bagel Deli","https://foursquare.com/v/main-street-bagel-deli/4bb9dcb01261d13ad7e8e998","0"
"id","createdAt","type","timeZoneOffset","venue.id","venue.name","venue.url","comments.count"
"4c412a4cff711b8db7a51105","2010-07-17 03:58:04.000000","checkin","-240","4c0163e51b2eb713a45c9992","Bartertown","https://foursquare.com/v/bartertown/4c0163e51b2eb713a45c9992","0"
"id","createdAt","type","timeZoneOffset","venue.id","venue.name","venue.url","comments.count"
"4c410e91af052d7f50dc7c79","2010-07-17 01:59:45.000000","checkin","-240","4bde1d026198c9b6760f13ff","Cold Stone Creamery","https://foursquare.com/v/cold-stone-creamery/4bde1d026198c9b6760f13ff","0"
"id","createdAt","type","timeZoneOffset","venue.id","venue.name","venue.url","comments.count"
"4c40f80fd7fad13ae8de06da","2010-07-17 00:23:43.000000","checkin","-240","4b020071f964a5201e4722e3","Luciano's Italian Restaurant and Pizzeria","https://foursquare.com/v/lucianos-italian-restaurant-and-pizzeria/4b020071f964a5201e4722e3","0"
"id","createdAt","type","timeZoneOffset","venue.id","venue.name","venue.url","comments.count"
"4c40f7b5cc410f475e83aa61","2010-07-17 00:22:13.000000","checkin","-240","4c4b8d1df7cc1b8df8d90340","GameStop","https://foursquare.com/v/gamestop/4c4b8d1df7cc1b8df8d90340","0"
"id","createdAt","type","timeZoneOffset","venue.id","venue.name","venue.url","comments.count"
"4c40c554d691c9b630b98b0a","2010-07-16 20:47:16.000000","checkin","-240","4a6b9770f964a52045cf1fe3","AMC Tysons Corner 16","https://foursquare.com/v/amc-tysons-corner-16/4a6b9770f964a52045cf1fe3","0"
"id","createdAt","type","timeZoneOffset","venue.id","venue.name","venue.url","comments.count"
"4c40c3f5d691c9b6e9b68b0a","2010-07-16 20:41:25.000000","checkin","-240","4a980cc3f964a5203d2a20e3","Barnes & Noble","https://foursquare.com/v/barnes--noble/4a980cc3f964a5203d2a20e3","0"
"id","createdAt","type","timeZoneOffset","venue.id","venue.name","venue.url","comments.count"
"4c4092e2d691c9b6ab628b0a","2010-07-16 17:12:02.000000","checkin","-240","4b2fa9fff964a520abed24e3","Sushi On","https://foursquare.com/v/sushi-on/4b2fa9fff964a520abed24e3","0"
"id","createdAt","type","timeZoneOffset","venue.id","venue.name","venue.url","comments.count"
"4c3fc8f0d691c9b672588a0a","2010-07-16 02:50:24.000000","checkin","-240","4c0163e51b2eb713a45c9992","Bartertown","https://foursquare.com/v/bartertown/4c0163e51b2eb713a45c9992","0"
"id","createdAt","type","timeZoneOffset","venue.id","venue.name","venue.url","comments.count"
"4c3fbedce26920a12dfb5be7","2010-07-16 02:07:24.000000","checkin","-240","4c0163e51b2eb713a45c9992","Bartertown","https://foursquare.com/v/bartertown/4c0163e51b2eb713a45c9992","0"
"id","createdAt","type","timeZoneOffset","venue.id","venue.name","venue.url","comments.count"
"4c3fb24bcc410f47689fa861","2010-07-16 01:13:47.000000","checkin","-240","4c3e506edb3b1b8d42486595","The Mason Inn Conference Center & Hotel","https://foursquare.com/v/the-mason-inn-conference-center--hotel/4c3e506edb3b1b8d42486595","0"
"id","createdAt","type","timeZoneOffset","venue.id","venue.name","venue.url","comments.count"
"4c3f6213520fa5932083c6ac","2010-07-15 19:31:31.000000","checkin","-240","51ad0fd41d9f62221f2d4c83","For Eyes","https://foursquare.com/v/for-eyes/51ad0fd41d9f62221f2d4c83","0"
"id","createdAt","type","timeZoneOffset","venue.id","venue.name","venue.url","comments.count"
"4c3f58decc410f478c09a861","2010-07-15 18:52:14.000000","checkin","-240","49cd15e1f964a520b4591fe3","Borders","https://foursquare.com/v/borders/49cd15e1f964a520b4591fe3","0"
"id","createdAt","type","timeZoneOffset","venue.id","venue.name","venue.url","comments.count"
"4c3f500a3735be9a573315a4","2010-07-15 18:14:34.000000","checkin","-240","4cc84e6173fd6dcb268d1b86","Shilla Bakery & Cafe","https://foursquare.com/v/shilla-bakery--cafe/4cc84e6173fd6dcb268d1b86","0"
"id","createdAt","type","timeZoneOffset","venue.id","venue.name","venue.url","comments.count"
"4c3f4080ce54e21ed3c2071a","2010-07-15 17:08:16.000000","checkin","-240","4b8aadc9f964a520577932e3","Masala Wok","https://foursquare.com/v/masala-wok/4b8aadc9f964a520577932e3","0"
"id","createdAt","type","timeZoneOffset","venue.id","venue.name","venue.url","comments.count"
"4c3f2b4751dee21e8698eb6e","2010-07-15 15:37:43.000000","checkin","-240","4bfeb605ac03952163daa880","Office of Student Media","https://foursquare.com/v/office-of-student-media/4bfeb605ac03952163daa880","0"
"id","createdAt","type","timeZoneOffset","venue.id","venue.name","venue.url","comments.count"
"4c3ef9636faac9b697e30e76","2010-07-15 12:04:51.000000","checkin","-240","4c2346b213c00f4723b788de","Center for the Arts","https://foursquare.com/v/center-for-the-arts/4c2346b213c00f4723b788de","0"
"id","createdAt","type","timeZoneOffset","venue.id","venue.name","venue.url","comments.count"
"4c3e1dce0e0d0f471d1b157f","2010-07-14 20:27:58.000000","checkin","-240","4c5a11e7ec2520a17fc55012","Chipotle Mexican Grill","https://foursquare.com/v/chipotle-mexican-grill/4c5a11e7ec2520a17fc55012","0"
"id","createdAt","type","timeZoneOffset","venue.id","venue.name","venue.url","comments.count"
"4c3e1d4651dee21e982aea6e","2010-07-14 20:25:42.000000","checkin","-240","51ad0fd41d9f62221f2d4c83","For Eyes","https://foursquare.com/v/for-eyes/51ad0fd41d9f62221f2d4c83","0"
"id","createdAt","type","timeZoneOffset","venue.id","venue.name","venue.url","comments.count"
"4c3ccafa980320a1bf2a8be4","2010-07-13 20:22:18.000000","checkin","-240","4bfeb605ac03952163daa880","Office of Student Media","https://foursquare.com/v/office-of-student-media/4bfeb605ac03952163daa880","0"
"id","createdAt","type","visibility","timeZoneOffset","private","venue.id","venue.name","venue.url","comments.count"
"4c3920790a71c9b6ca0c42c9","2010-07-11 01:38:01.000000","checkin","private","-240","true","4c0163e51b2eb713a45c9992","Bartertown","https://foursquare.com/v/bartertown/4c0163e51b2eb713a45c9992","0"
"id","createdAt","type","shout","timeZoneOffset","venue.id","venue.name","venue.url","comments.count"
"4c38fe403849c928708bc0b1","2010-07-10 23:12:00.000000","checkin","I've never been to the actual McPherson Square before. It's kind of nice.","-240","4b70a5c5f964a52070272de3","McPherson Square","https://foursquare.com/v/mcpherson-square/4b70a5c5f964a52070272de3","0"
"id","createdAt","type","timeZoneOffset","venue.id","venue.name","venue.url","comments.count"
"4c38fa4618e72d7f3d6c19f5","2010-07-10 22:55:02.000000","checkin","-240","4adb4838f964a520892521e3","Borders","https://foursquare.com/v/borders/4adb4838f964a520892521e3","0"
"id","createdAt","type","timeZoneOffset","venue.id","venue.name","venue.url","comments.count"
"4c38dd850a71c9b6be7e41c9","2010-07-10 20:52:21.000000","checkin","-240","4a67940af964a520b7c91fe3","Busboys and Poets","https://foursquare.com/v/busboys-and-poets/4a67940af964a520b7c91fe3","0"
"id","createdAt","type","timeZoneOffset","venue.id","venue.name","venue.url","comments.count"
"4c38b51b2c8020a1604d8b00","2010-07-10 17:59:55.000000","checkin","-240","49d13e72f964a5206a5b1fe3","Regal Gallery Place","https://foursquare.com/v/regal-gallery-place/49d13e72f964a5206a5b1fe3","0"
"id","createdAt","type","shout","timeZoneOffset","venue.id","venue.name","venue.url","comments.count"
"4c38ac3318e72d7fcdbd18f5","2010-07-10 17:21:55.000000","checkin","Why is there a line going out the door of the Chopt next door?","-240","49e7902ef964a520c2641fe3","California Tortilla","https://foursquare.com/v/california-tortilla/49e7902ef964a520c2641fe3","0"
"id","createdAt","type","timeZoneOffset","venue.id","venue.name","venue.url","comments.count"
"4c37481d2c8020a1c5b08800","2010-07-09 16:02:37.000000","checkin","-240","4bfeb605ac03952163daa880","Office of Student Media","https://foursquare.com/v/office-of-student-media/4bfeb605ac03952163daa880","0"
"id","createdAt","type","shout","timeZoneOffset","venue.id","venue.name","venue.url","comments.count"
"4c3517b2a0ced13a7c54196e","2010-07-08 00:11:30.000000","checkin","Yum, great variety of food.","-240","4c504dcc8edf0f478b1b0baf","Silver Diner","https://foursquare.com/v/silver-diner/4c504dcc8edf0f478b1b0baf","0"
"id","createdAt","type","timeZoneOffset","venue.id","venue.name","venue.url","comments.count"
"4c339e5a16adc928eceac39c","2010-07-06 21:21:30.000000","checkin","-240","4c1ffc31e923ef3b8ed84e54","California Pizza Kitchen","https://foursquare.com/v/california-pizza-kitchen/4c1ffc31e923ef3b8ed84e54","0"
"id","createdAt","type","timeZoneOffset","venue.id","venue.name","venue.url","comments.count"
"4c30e26366e40f478033c48b","2010-07-04 19:34:59.000000","checkin","-240","4b33c0b6f964a520801e25e3","Trader Joe's","https://foursquare.com/v/trader-joes/4b33c0b6f964a520801e25e3","0"
"id","createdAt","type","timeZoneOffset","venue.id","venue.name","venue.url","comments.count"
"4c2e6a723896e21ebb3be290","2010-07-02 22:38:42.000000","checkin","-240","4bdb652563c5c9b6fcc42768","Chili's Grill & Bar","https://foursquare.com/v/chilis-grill--bar/4bdb652563c5c9b6fcc42768","0"
"id","createdAt","type","timeZoneOffset","venue.id","venue.name","venue.url","comments.count"
"4c2e19ea3a4d0f4723f4e486","2010-07-02 16:55:06.000000","checkin","-240","4b918b85f964a52060c433e3","Kabob Corner","https://foursquare.com/v/kabob-corner/4b918b85f964a52060c433e3","0"
"id","createdAt","type","shout","timeZoneOffset","venue.id","venue.name","venue.url","comments.count"
"4c2e1651e116e21e09a78f60","2010-07-02 16:39:45.000000","checkin","Picking up new eyeglasses","-240","51ad0fd41d9f62221f2d4c83","For Eyes","https://foursquare.com/v/for-eyes/51ad0fd41d9f62221f2d4c83","0"
"id","createdAt","type","timeZoneOffset","venue.id","venue.name","venue.url","comments.count"
"4c2d32464e132d7ff6119cdf","2010-07-02 00:26:46.000000","checkin","-240","4b7e0173f964a520a5de2fe3","Carlos O'Kelly's","https://foursquare.com/v/carlos-okellys/4b7e0173f964a520a5de2fe3","0"
"id","createdAt","type","timeZoneOffset","venue.id","venue.name","venue.url","comments.count"
"4c2b8580b34ad13a0be9e9ce","2010-06-30 17:57:20.000000","checkin","-240","4bfeb605ac03952163daa880","Office of Student Media","https://foursquare.com/v/office-of-student-media/4bfeb605ac03952163daa880","0"
"id","createdAt","type","timeZoneOffset","venue.id","venue.name","venue.url","comments.count"
"4c2a34a88abca593bc4efe1f","2010-06-29 18:00:08.000000","checkin","-240","4bfeb605ac03952163daa880","Office of Student Media","https://foursquare.com/v/office-of-student-media/4bfeb605ac03952163daa880","0"
"id","createdAt","type","shout","timeZoneOffset","venue.id","venue.name","venue.url","comments.count"
"4c2a065ce19720a13f5cfa58","2010-06-29 14:42:36.000000","checkin","Breakfast!","-240","4ba39b0ef964a5204c4b38e3","Bernies Delicatessen & Gourmet Market","https://foursquare.com/v/bernies-delicatessen--gourmet-market/4ba39b0ef964a5204c4b38e3","0"
"id","createdAt","type","shout","timeZoneOffset","venue.id","venue.name","venue.url","comments.count"
"4c2a06023492a593e0c8b928","2010-06-29 14:41:06.000000","checkin","Breakfast at Bernie's","-240","4ba39b0ef964a5204c4b38e3","Bernies Delicatessen & Gourmet Market","https://foursquare.com/v/bernies-delicatessen--gourmet-market/4ba39b0ef964a5204c4b38e3","0"
"id","createdAt","type","timeZoneOffset","venue.id","venue.name","venue.url","comments.count"
"4c2806529fb5d13ab1109957","2010-06-28 02:17:54.000000","checkin","-240","4c0163e51b2eb713a45c9992","Bartertown","https://foursquare.com/v/bartertown/4c0163e51b2eb713a45c9992","0"
"id","createdAt","type","shout","timeZoneOffset","venue.id","venue.name","venue.url","comments.count"
"4c279e36905a0f475a336560","2010-06-27 18:53:42.000000","checkin","Lunch while helping @foxyromaine move.","-240","4b8aadc9f964a520577932e3","Masala Wok","https://foursquare.com/v/masala-wok/4b8aadc9f964a520577932e3","0"
"id","createdAt","type","shout","timeZoneOffset","venue.id","venue.name","venue.url","comments.count"
"4c2702573703d13a886ca636","2010-06-27 07:48:39.000000","checkin","Hungry...","-240","4abf8dd7f964a520139120e3","IHOP","https://foursquare.com/v/ihop/4abf8dd7f964a520139120e3","0"
"id","createdAt","type","timeZoneOffset","venue.id","venue.name","venue.url","comments.count"
"4c269ff8136d20a194bde561","2010-06-27 00:48:56.000000","checkin","-240","4a50f34ff964a5204db01fe3","Teaism","https://foursquare.com/v/teaism/4a50f34ff964a5204db01fe3","0"
"id","createdAt","type","timeZoneOffset","venue.id","venue.name","venue.url","comments.count"
"4c2633acf1272d7f291586c5","2010-06-26 17:06:52.000000","checkin","-240","454a14f8f964a5209e3c1fe3","Clyde's of Gallery Place","https://foursquare.com/v/clydes-of-gallery-place/454a14f8f964a5209e3c1fe3","0"
"id","createdAt","type","timeZoneOffset","venue.id","venue.name","venue.url","comments.count"
"4c2568e8905a0f47db926160","2010-06-26 02:41:44.000000","checkin","-240","4b590686f964a520037928e3","Mango Mike's","https://foursquare.com/v/mango-mikes/4b590686f964a520037928e3","0"
"id","createdAt","type","timeZoneOffset","venue.id","venue.name","venue.url","comments.count"
"4c250a60f1272d7f0a1784c5","2010-06-25 19:58:24.000000","checkin","-240","4bfeb605ac03952163daa880","Office of Student Media","https://foursquare.com/v/office-of-student-media/4bfeb605ac03952163daa880","0"
"id","createdAt","type","timeZoneOffset","venue.id","venue.name","venue.url","comments.count"
"4c24df18136d20a1df89e261","2010-06-25 16:53:44.000000","checkin","-240","4b2fa9fff964a520abed24e3","Sushi On","https://foursquare.com/v/sushi-on/4b2fa9fff964a520abed24e3","0"
"id","createdAt","type","shout","timeZoneOffset","venue.id","venue.name","venue.url","comments.count"
"4c242df5905a0f4701775f60","2010-06-25 04:17:57.000000","checkin","Back home","-240","4c0163e51b2eb713a45c9992","Bartertown","https://foursquare.com/v/bartertown/4c0163e51b2eb713a45c9992","0"
"id","createdAt","type","timeZoneOffset","comments.count"
"4c22b589502b95215f0b6e21","2010-06-24 01:31:53.000000","venueless","-240","0"
"id","createdAt","type","shout","timeZoneOffset","venue.id","venue.name","venue.url","comments.count"
"4c2287b7aa8e9c74627cf4d4","2010-06-23 22:16:23.000000","checkin","At my sister's graduation","-240","4b8abdd0f964a520bb7d32e3","Mamaroneck High School","https://foursquare.com/v/mamaroneck-high-school/4b8abdd0f964a520bb7d32e3","0"
"id","createdAt","type","shout","timeZoneOffset","venue.id","venue.name","venue.url","comments.count"
"4c1d0f42fcf8c9b6bf17ab0b","2010-06-19 18:41:06.000000","checkin","Hanging out with folks all day today. Come on by and join us.","-240","4c0163e51b2eb713a45c9992","Bartertown","https://foursquare.com/v/bartertown/4c0163e51b2eb713a45c9992","0"
"id","createdAt","type","timeZoneOffset","comments.count"
"4c1c2228624b9c74c0ba1204","2010-06-19 01:49:28.000000","venueless","-240","0"
"id","createdAt","type","timeZoneOffset","venue.id","venue.name","venue.url","comments.count"
"4c12ff75127f9521e69a2425","2010-06-12 03:31:01.000000","checkin","-240","4c0163e51b2eb713a45c9992","Bartertown","https://foursquare.com/v/bartertown/4c0163e51b2eb713a45c9992","0"
"id","createdAt","type","timeZoneOffset","venue.id","venue.name","venue.url","comments.count"
"4c12e3d61b5cef3b57d6edc4","2010-06-12 01:33:10.000000","checkin","-240","462782e1f964a520c5451fe3","The Auld Shebeen","https://foursquare.com/v/the-auld-shebeen/462782e1f964a520c5451fe3","0"
"id","createdAt","type","timeZoneOffset","venue.id","venue.name","venue.url","comments.count"
"4c0d4b3863c3ef3bb9fca693","2010-06-07 19:40:40.000000","checkin","-240","4bfeb605ac03952163daa880","Office of Student Media","https://foursquare.com/v/office-of-student-media/4bfeb605ac03952163daa880","0"
"id","createdAt","type","timeZoneOffset","venue.id","venue.name","venue.url","comments.count"
"4c0d33f485e19521a63eeea5","2010-06-07 18:01:24.000000","checkin","-240","4b3657d5f964a5203a3325e3","Viet House Restaurant","https://foursquare.com/v/viet-house-restaurant/4b3657d5f964a5203a3325e3","0"
"id","createdAt","type","timeZoneOffset","venue.id","venue.name","venue.url","comments.count"
"4c07dc77da13c928911e6c02","2010-06-03 16:46:47.000000","checkin","-240","4bfeb605ac03952163daa880","Office of Student Media","https://foursquare.com/v/office-of-student-media/4bfeb605ac03952163daa880","0"
"id","createdAt","type","timeZoneOffset","venue.id","venue.name","venue.url","comments.count"
"4c06f62ea4de2f5e8429b4be","2010-06-03 00:24:14.000000","checkin","-240","4c0163e51b2eb713a45c9992","Bartertown","https://foursquare.com/v/bartertown/4c0163e51b2eb713a45c9992","0"
"id","createdAt","type","shout","timeZoneOffset","venue.id","venue.name","venue.url","comments.count"
"4c06c3cea4de2f5ee20cb2be","2010-06-02 20:49:18.000000","checkin","Enjoying #iel2010","-240","4ae080b2f964a520b17f21e3","Johnson Center","https://foursquare.com/v/johnson-center/4ae080b2f964a520b17f21e3","0"
"id","createdAt","type","timeZoneOffset","venue.id","venue.name","venue.url","comments.count"
"4c05f1f9a4de2f5ee4f7aabe","2010-06-02 05:54:01.000000","checkin","-240","4c0163e51b2eb713a45c9992","Bartertown","https://foursquare.com/v/bartertown/4c0163e51b2eb713a45c9992","0"
"id","createdAt","type","timeZoneOffset","venue.id","venue.name","venue.url","comments.count"
"4c0542a6a4de2f5e4cc2a4be","2010-06-01 17:25:58.000000","checkin","-240","4bfeb605ac03952163daa880","Office of Student Media","https://foursquare.com/v/office-of-student-media/4bfeb605ac03952163daa880","0"
"id","createdAt","type","timeZoneOffset","venue.id","venue.name","venue.url","comments.count"
"4c01645da4de2f5e4b9a84be","2010-05-29 19:00:45.000000","checkin","-240","4c0163e51b2eb713a45c9992","Bartertown","https://foursquare.com/v/bartertown/4c0163e51b2eb713a45c9992","0"
"id","createdAt","type","shout","timeZoneOffset","venue.id","venue.name","venue.url","comments.count"
"4bfeb848a4de2f5e1e126dbe","2010-05-27 18:22:00.000000","checkin","Phone calls and e-mail are on my to-do list today.","-240","4bfeb605ac03952163daa880","Office of Student Media","https://foursquare.com/v/office-of-student-media/4bfeb605ac03952163daa880","0"
"id","createdAt","type","timeZoneOffset","venue.id","venue.name","venue.url","comments.count"
"4bfddfbaa4de2f5e267266be","2010-05-27 02:58:02.000000","checkin","-240","4ad64f8cf964a520730621e3","American Legion Post 8","https://foursquare.com/v/american-legion-post-8/4ad64f8cf964a520730621e3","0"
"id","createdAt","type","shout","timeZoneOffset","venue.id","venue.name","venue.url","comments.count"
"4bfdbec8a4de2f5ec92c65be","2010-05-27 00:37:28.000000","checkin","Hanging with #DCMM folks","-240","4a4eb693f964a520f4ae1fe3","Nando's","https://foursquare.com/v/nandos/4a4eb693f964a520f4ae1fe3","0"
"id","createdAt","type","timeZoneOffset","venue.id","venue.name","venue.url","comments.count"
"4bfd6474a4de2f5e05eb61be","2010-05-26 18:12:04.000000","checkin","-240","4bc8b54992b376b04a02523a","United Press International (UPI)","https://foursquare.com/v/united-press-international-upi/4bc8b54992b376b04a02523a","0"
"id","createdAt","type","timeZoneOffset","venue.id","venue.name","venue.url","comments.count"
"4bf4a5a8a4de2f5ef9e81fbe","2010-05-20 02:59:52.000000","checkin","-240","4ad64f8cf964a520730621e3","American Legion Post 8","https://foursquare.com/v/american-legion-post-8/4ad64f8cf964a520730621e3","0"
"id","createdAt","type","shout","timeZoneOffset","venue.id","venue.name","venue.url","comments.count"
"4bf43c29a4de2f5eb7421cbe","2010-05-19 19:29:45.000000","checkin","Working out of the UPI office today.","-240","4bc8b54992b376b04a02523a","United Press International (UPI)","https://foursquare.com/v/united-press-international-upi/4bc8b54992b376b04a02523a","0"
"id","createdAt","type","timeZoneOffset","comments.count"
"4bf3e40aa4de2f5ea05219be","2010-05-19 13:13:46.000000","venueless","-240","0"
"id","createdAt","type","timeZoneOffset","comments.count"
"4be4a8aba4de2f5e0d86b0bd","2010-05-07 23:56:27.000000","venueless","-240","0"
"id","createdAt","type","shout","timeZoneOffset","venue.id","venue.name","venue.url","comments.count"
"4bd87b34a4de2f5eff5266bd","2010-04-28 18:15:16.000000","checkin","Checking in","-240","4bc8b54992b376b04a02523a","United Press International (UPI)","https://foursquare.com/v/united-press-international-upi/4bc8b54992b376b04a02523a","0"
"id","createdAt","type","timeZoneOffset","venue.id","venue.name","venue.url","comments.count"
"4bd73f04a4de2f5e35185fbd","2010-04-27 19:46:12.000000","checkin","-240","4b153780f964a5206ba923e3","George Mason University - Bull Run Hall","https://foursquare.com/v/george-mason-university--bull-run-hall/4b153780f964a5206ba923e3","0"
"id","createdAt","type","timeZoneOffset","venue.id","venue.name","venue.url","comments.count"
"4bd4c73fa4de2f5e5cb351bd","2010-04-25 22:50:39.000000","checkin","-240","501aa74a3d7c792fb9ffe12b","30th Street Station","https://foursquare.com/v/30th-street-station/501aa74a3d7c792fb9ffe12b","0"
"id","createdAt","type","timeZoneOffset","venue.id","venue.name","venue.url","comments.count"
"4bd47f5fa4de2f5ee5a44fbd","2010-04-25 17:43:59.000000","checkin","-240","4a8b1e89f964a520830b20e3","Mugshots Coffeehouse","https://foursquare.com/v/mugshots-coffeehouse/4a8b1e89f964a520830b20e3","0"
"id","createdAt","type","timeZoneOffset","venue.id","venue.name","venue.url","comments.count"
"4bd3da43a4de2f5edce04cbd","2010-04-25 05:59:31.000000","checkin","-240","4ae46494f964a520479a21e3","The Pen & Pencil Club","https://foursquare.com/v/the-pen--pencil-club/4ae46494f964a520479a21e3","0"
"id","createdAt","type","timeZoneOffset","comments.count"
"4bd3c515a4de2f5edf6e4cbd","2010-04-25 04:29:09.000000","venueless","-240","0"
"id","createdAt","type","timeZoneOffset","venue.id","venue.name","venue.url","comments.count"
"4bd3980da4de2f5e1b384bbd","2010-04-25 01:17:01.000000","checkin","-240","45fa41bdf964a52051441fe3","National Mechanics","https://foursquare.com/v/national-mechanics/45fa41bdf964a52051441fe3","0"
"id","createdAt","type","timeZoneOffset","comments.count"
"4bd37353a4de2f5e4d104abd","2010-04-24 22:40:19.000000","venueless","-240","0"
"id","createdAt","type","timeZoneOffset","venue.id","venue.name","venue.url","comments.count"
"4bd2ec96a4de2f5eac0046bd","2010-04-24 13:05:26.000000","checkin","-240","415c9e00f964a520511d1fe3","Temple University","https://foursquare.com/v/temple-university/415c9e00f964a520511d1fe3","0"
"id","createdAt","type","shout","timeZoneOffset","venue.id","venue.name","venue.url","comments.count"
"4bd26846a4de2f5ec5da43bd","2010-04-24 03:40:54.000000","checkin","Hanging out near Temple U in preparation for #BCNIPhilly","-240","415c9e00f964a520511d1fe3","Temple University","https://foursquare.com/v/temple-university/415c9e00f964a520511d1fe3","0"
"id","createdAt","type","timeZoneOffset","venue.id","venue.name","venue.url","comments.count"
"4bcf56fba4de2f5e4e0731bd","2010-04-21 19:50:19.000000","checkin","-240","4acde208f964a52066cd20e3","Planetary Hall","https://foursquare.com/v/planetary-hall/4acde208f964a52066cd20e3","0"
"id","createdAt","type","shout","timeZoneOffset","venue.id","venue.name","venue.url","comments.count"
"4bbbb44aa4de2f5ecf8fccbc","2010-04-06 22:23:06.000000","checkin","Trying out check.in. Nifty.","-240","4b5b6fb9f964a520f4fd28e3","The Rathskeller - GMU","https://foursquare.com/v/the-rathskeller--gmu/4b5b6fb9f964a520f4fd28e3","0"
"id","createdAt","type","timeZoneOffset","comments.count"
"4b96fcc5a4de2f5e6ec639bc","2010-03-10 01:58:29.000000","venueless","-300","0"
"id","createdAt","type","timeZoneOffset","comments.count"
"4b92fe43a4de2f5e4afc2ebc","2010-03-07 01:15:47.000000","venueless","-300","0"
"id","createdAt","type","timeZoneOffset","venue.id","venue.name","venue.url","comments.count"
"4b92cddea4de2f5eac2e2ebc","2010-03-06 21:49:18.000000","checkin","-300","4ae05c7af964a520d17e21e3","Firehook Bakery","https://foursquare.com/v/firehook-bakery/4ae05c7af964a520d17e21e3","0"
"id","createdAt","type","timeZoneOffset","venue.id","venue.name","venue.url","comments.count"
"4b92cddda4de2f5ea82e2ebc","2010-03-06 21:49:17.000000","checkin","-300","4ae05c7af964a520d17e21e3","Firehook Bakery","https://foursquare.com/v/firehook-bakery/4ae05c7af964a520d17e21e3","0"
"id","createdAt","type","timeZoneOffset","comments.count"
"4b915f7ca4de2f5e03aa29bc","2010-03-05 19:46:04.000000","venueless","-300","0"
"id","createdAt","type","timeZoneOffset","venue.id","venue.name","venue.url","comments.count"
"4b915d74a4de2f5e25a329bc","2010-03-05 19:37:24.000000","checkin","-300","4bc8b54992b376b04a02523a","United Press International (UPI)","https://foursquare.com/v/united-press-international-upi/4bc8b54992b376b04a02523a","0"
"id","createdAt","type","timeZoneOffset","comments.count"
"4b905303a4de2f5e15da26bc","2010-03-05 00:40:35.000000","venueless","-300","0"
"id","createdAt","type","timeZoneOffset","venue.id","venue.name","venue.url","comments.count"
"4b883c9ca4de2f5ed01712bc","2010-02-26 21:26:52.000000","checkin","-300","42b9fb80f964a5209a251fe3","Jaleo","https://foursquare.com/v/jaleo/42b9fb80f964a5209a251fe3","0"
"id","createdAt","type","timeZoneOffset","venue.id","venue.name","venue.url","comments.count"
"4b882f4ba4de2f5e73ee11bc","2010-02-26 20:30:03.000000","checkin","-300","41366280f964a520c41a1fe3","R.F.D. Washington","https://foursquare.com/v/rfd-washington/41366280f964a520c41a1fe3","0"
"id","createdAt","type","timeZoneOffset","venue.id","venue.name","venue.url","comments.count"
"4b882570a4de2f5e01d011bc","2010-02-26 19:48:00.000000","checkin","-300","4a750244f964a52044e01fe3","Momiji","https://foursquare.com/v/momiji/4a750244f964a52044e01fe3","0"
"id","createdAt","type","timeZoneOffset","comments.count"
"4b85bc21a4de2f5e2baa0bbc","2010-02-24 23:54:09.000000","venueless","-300","0"
"id","createdAt","type","timeZoneOffset","venue.id","venue.name","venue.url","comments.count"
"4b78a71da4de2f5e6833ecbb","2010-02-15 01:45:01.000000","checkin","-300","462782e1f964a520c5451fe3","The Auld Shebeen","https://foursquare.com/v/the-auld-shebeen/462782e1f964a520c5451fe3","0"
"id","createdAt","type","timeZoneOffset","comments.count"
"4b788c98a4de2f5e3addebbb","2010-02-14 23:51:52.000000","venueless","-300","0"
"id","createdAt","type","timeZoneOffset","comments.count"
"4b60eb52a4de2f5e3f6ababb","2010-01-28 01:41:38.000000","venueless","-300","0"
"id","createdAt","type","timeZoneOffset","comments.count"
"4b60d5ffa4de2f5e0b32babb","2010-01-28 00:10:39.000000","venueless","-300","0"
"id","createdAt","type","timeZoneOffset","comments.count"
"4b5ca860a4de2f5e1e02b3bb","2010-01-24 20:06:56.000000","venueless","-300","0"
"id","createdAt","type","timeZoneOffset","comments.count"
"4b5c7e3da4de2f5e79aeb2bb","2010-01-24 17:07:09.000000","venueless","-300","0"
"id","createdAt","type","timeZoneOffset","venue.id","venue.name","venue.url","comments.count"
"4b5b9ab7a4de2f5e7c6eb1bb","2010-01-24 00:56:23.000000","checkin","-300","4ae2063cf964a520e38921e3","Amphora Restaurant","https://foursquare.com/v/amphora-restaurant/4ae2063cf964a520e38921e3","0"
"id","createdAt","type","timeZoneOffset","venue.id","venue.name","venue.url","comments.count"
"4b5b8e59a4de2f5ec450b1bb","2010-01-24 00:03:37.000000","checkin","-300","462782e1f964a520c5451fe3","The Auld Shebeen","https://foursquare.com/v/the-auld-shebeen/462782e1f964a520c5451fe3","0"
"id","createdAt","type","timeZoneOffset","comments.count"
"4b536fa7a4de2f5e575ea5bb","2010-01-17 20:14:31.000000","venueless","-300","0"
