"id","createdAt","text","type","canonicalUrl","viewCount","agreeCount","disagreeCount","user.id","user.firstName","user.lastName","user.handle","user.privateProfile","user.gender","user.address","user.city","user.state","user.countryCode","user.relationship","user.photo.prefix","user.photo.suffix","venue.id","venue.name","venue.url"
"670f00d47d191f5820d40dda","2024-10-15 23:55:00.000000","Great bookstore, with drinks, snacks, and plentiful recommendations cards with lots of details.","user","https://foursquare.com/item/670f00d47d191f5820d40dda","29","0","0","15234","Aram","Zucker-Scharff","chronotope","false","male","","","","US","self","https://fastly.4sqi.net/img/user/","/15234-EMJINMXJKZ5R5S20.jpg","64dd65470e981a714e4c9f6c","First Light Books","https://foursquare.com/v/first-light-books/64dd65470e981a714e4c9f6c"
"id","createdAt","text","type","canonicalUrl","viewCount","agreeCount","disagreeCount","user.id","user.firstName","user.lastName","user.handle","user.privateProfile","user.gender","user.address","user.city","user.state","user.countryCode","user.relationship","user.photo.prefix","user.photo.suffix","venue.id","venue.name","venue.url"
"66c53f481040d94acdcc65e7","2024-08-21 01:13:44.000000","Easily some of the best coffee I've had. Highly recommend!","user","https://foursquare.com/item/66c53f481040d94acdcc65e7","4","0","0","15234","Aram","Zucker-Scharff","chronotope","false","male","","","","US","self","https://fastly.4sqi.net/img/user/","/15234-EMJINMXJKZ5R5S20.jpg","5839eaa66b0cdb23941f7e00","Foundry42+","https://foursquare.com/v/foundry42/5839eaa66b0cdb23941f7e00"
"id","createdAt","text","type","canonicalUrl","viewCount","agreeCount","disagreeCount","user.id","user.firstName","user.lastName","user.handle","user.privateProfile","user.gender","user.address","user.city","user.state","user.countryCode","user.relationship","user.photo.prefix","user.photo.suffix","venue.id","venue.name","venue.url"
"64f4dfc3d10a346bb7980604","2023-09-03 19:34:27.000000","Great tea, chill space!","user","https://foursquare.com/item/64f4dfc3d10a346bb7980604","75","2","0","15234","Aram","Zucker-Scharff","chronotope","false","male","","","","US","self","https://fastly.4sqi.net/img/user/","/15234-EMJINMXJKZ5R5S20.jpg","64f4d67895bff634f85d07e0","Thermostat Cafe, Bar & Tapas","https://foursquare.com/v/thermostat-cafe-bar--tapas/64f4d67895bff634f85d07e0"
"id","createdAt","text","type","canonicalUrl","viewCount","agreeCount","disagreeCount","lastVoteText","lastUpvoteTimestamp","user.id","user.firstName","user.lastName","user.handle","user.privateProfile","user.gender","user.address","user.city","user.state","user.countryCode","user.relationship","user.photo.prefix","user.photo.suffix","venue.id","venue.name","venue.url"
"64d00efe57ccd6241dcf520d","2023-08-06 21:22:06.000000","Really great cold brew!","user","https://foursquare.com/item/64d00efe57ccd6241dcf520d","71","2","0","Upvoted Sep 28","1727549217","15234","Aram","Zucker-Scharff","chronotope","false","male","","","","US","self","https://fastly.4sqi.net/img/user/","/15234-EMJINMXJKZ5R5S20.jpg","64a0380743d7994d7bf46360","Cafe Miguel","https://foursquare.com/v/cafe-miguel/64a0380743d7994d7bf46360"
"id","createdAt","text","type","canonicalUrl","viewCount","agreeCount","disagreeCount","user.id","user.firstName","user.lastName","user.handle","user.privateProfile","user.gender","user.address","user.city","user.state","user.countryCode","user.relationship","user.photo.prefix","user.photo.suffix","venue.id","venue.name","venue.url"
"63d344688c6b68759e6c0f05","2023-01-27 03:26:32.000000","Just one of the best vibes in this city.","user","https://foursquare.com/item/63d344688c6b68759e6c0f05","1","0","0","15234","Aram","Zucker-Scharff","chronotope","false","male","","","","US","self","https://fastly.4sqi.net/img/user/","/15234-EMJINMXJKZ5R5S20.jpg","41326e00f964a52080191fe3","Lafitte's Blacksmith Shop Bar","https://foursquare.com/v/lafittes-blacksmith-shop-bar/41326e00f964a52080191fe3"
"id","createdAt","text","type","canonicalUrl","viewCount","agreeCount","disagreeCount","user.id","user.firstName","user.lastName","user.handle","user.privateProfile","user.gender","user.address","user.city","user.state","user.countryCode","user.relationship","user.photo.prefix","user.photo.suffix","venue.id","venue.name","venue.url"
"638bea86c23b2063967241ec","2022-12-04 00:32:06.000000","A huge variaty of great drink options and a really nice place to hang out.","user","https://foursquare.com/item/638bea86c23b2063967241ec","131","0","0","15234","Aram","Zucker-Scharff","chronotope","false","male","","","","US","self","https://fastly.4sqi.net/img/user/","/15234-EMJINMXJKZ5R5S20.jpg","4be34e74b02ec9b642314fc0","The Fountainhead Cafe´","https://foursquare.com/v/the-fountainhead-cafe/4be34e74b02ec9b642314fc0"
"id","createdAt","text","type","canonicalUrl","viewCount","agreeCount","disagreeCount","user.id","user.firstName","user.lastName","user.handle","user.privateProfile","user.gender","user.address","user.city","user.state","user.countryCode","user.relationship","user.photo.prefix","user.photo.suffix","venue.id","venue.name","venue.url"
"63589ae59da81452e69bc9c5","2022-10-26 02:26:45.000000","Amazing coffee!","user","https://foursquare.com/item/63589ae59da81452e69bc9c5","4","0","0","15234","Aram","Zucker-Scharff","chronotope","false","male","","","","US","self","https://fastly.4sqi.net/img/user/","/15234-EMJINMXJKZ5R5S20.jpg","4de7e66f52b19568bd881cdb","Comparetto Bakery","https://foursquare.com/v/comparetto-bakery/4de7e66f52b19568bd881cdb"
"id","createdAt","text","type","canonicalUrl","viewCount","agreeCount","disagreeCount","user.id","user.firstName","user.lastName","user.handle","user.privateProfile","user.gender","user.address","user.city","user.state","user.countryCode","user.relationship","user.photo.prefix","user.photo.suffix","venue.id","venue.name","venue.url"
"6337964ebc2e2a63154b2663","2022-10-01 01:22:22.000000","Great seafood!","user","https://foursquare.com/item/6337964ebc2e2a63154b2663","171","1","0","15234","Aram","Zucker-Scharff","chronotope","false","male","","","","US","self","https://fastly.4sqi.net/img/user/","/15234-EMJINMXJKZ5R5S20.jpg","619e8d9c88568f7da7372afa","Stowaway","https://foursquare.com/v/stowaway/619e8d9c88568f7da7372afa"
"id","createdAt","text","type","canonicalUrl","viewCount","agreeCount","disagreeCount","user.id","user.firstName","user.lastName","user.handle","user.privateProfile","user.gender","user.address","user.city","user.state","user.countryCode","user.relationship","user.photo.prefix","user.photo.suffix","venue.id","venue.name","venue.url"
"632527c7711ce23a09f1f3c6","2022-09-17 01:49:59.000000","Very good vegetarian soup!","user","https://foursquare.com/item/632527c7711ce23a09f1f3c6","18","0","0","15234","Aram","Zucker-Scharff","chronotope","false","male","","","","US","self","https://fastly.4sqi.net/img/user/","/15234-EMJINMXJKZ5R5S20.jpg","55d4d3c8498ea0961a75dda6","Fat Mao","https://foursquare.com/v/fat-mao/55d4d3c8498ea0961a75dda6"
"id","createdAt","text","type","canonicalUrl","viewCount","agreeCount","disagreeCount","user.id","user.firstName","user.lastName","user.handle","user.privateProfile","user.gender","user.address","user.city","user.state","user.countryCode","user.relationship","user.photo.prefix","user.photo.suffix","venue.id","venue.name","venue.url"
"6314121abd05004d4367bf07","2022-09-04 02:48:58.000000","Everything I've had here is great, but I'd most highly recommend the Chavela. Delicious and hard to find elsewhere!","user","https://foursquare.com/item/6314121abd05004d4367bf07","117","0","0","15234","Aram","Zucker-Scharff","chronotope","false","male","","","","US","self","https://fastly.4sqi.net/img/user/","/15234-EMJINMXJKZ5R5S20.jpg","627439fa4fd6342314edaf4c","Bar Bruno","https://foursquare.com/v/bar-bruno/627439fa4fd6342314edaf4c"
"id","createdAt","text","type","canonicalUrl","viewCount","agreeCount","disagreeCount","user.id","user.firstName","user.lastName","user.handle","user.privateProfile","user.gender","user.address","user.city","user.state","user.countryCode","user.relationship","user.photo.prefix","user.photo.suffix","venue.id","venue.name","venue.url"
"626de5d93a57b734e88e533f","2022-05-01 01:43:53.000000","Solid cocktails!","user","https://foursquare.com/item/626de5d93a57b734e88e533f","19","0","0","15234","Aram","Zucker-Scharff","chronotope","false","male","","","","US","self","https://fastly.4sqi.net/img/user/","/15234-EMJINMXJKZ5R5S20.jpg","4ad3efb9f964a520fee620e3","The Sackett","https://foursquare.com/v/the-sackett/4ad3efb9f964a520fee620e3"
"id","createdAt","text","type","canonicalUrl","viewCount","agreeCount","disagreeCount","user.id","user.firstName","user.lastName","user.handle","user.privateProfile","user.gender","user.address","user.city","user.state","user.countryCode","user.relationship","user.photo.prefix","user.photo.suffix","venue.id","venue.name","venue.url"
"623e7bb348dd420d1cbd10b8","2022-03-26 02:34:27.000000","Really great Manti!","user","https://foursquare.com/item/623e7bb348dd420d1cbd10b8","38","0","0","15234","Aram","Zucker-Scharff","chronotope","false","male","","","","US","self","https://fastly.4sqi.net/img/user/","/15234-EMJINMXJKZ5R5S20.jpg","61d78b7a35899740d1efe4b2","Sophra Grill 2","https://foursquare.com/v/sophra-grill-2/61d78b7a35899740d1efe4b2"
"id","createdAt","text","type","canonicalUrl","viewCount","agreeCount","disagreeCount","user.id","user.firstName","user.lastName","user.handle","user.privateProfile","user.gender","user.address","user.city","user.state","user.countryCode","user.relationship","user.photo.prefix","user.photo.suffix","venue.id","venue.name","venue.url"
"61be946b27eac9658b20c0a1","2021-12-19 02:09:47.000000","Unless otherwise noted on their web presences, by appointment only","user","https://foursquare.com/item/61be946b27eac9658b20c0a1","22","0","0","15234","Aram","Zucker-Scharff","chronotope","false","male","","","","US","self","https://fastly.4sqi.net/img/user/","/15234-EMJINMXJKZ5R5S20.jpg","4f520a09e5e8563d5c7e1fa9","Clutter Magazine","https://foursquare.com/v/clutter-magazine/4f520a09e5e8563d5c7e1fa9"
"id","createdAt","text","type","canonicalUrl","viewCount","agreeCount","disagreeCount","user.id","user.firstName","user.lastName","user.handle","user.privateProfile","user.gender","user.address","user.city","user.state","user.countryCode","user.relationship","user.photo.prefix","user.photo.suffix","venue.id","venue.name","venue.url"
"6172b43b91602d15bf4ec7df","2021-10-22 12:53:15.000000","Great cold brew!","user","https://foursquare.com/item/6172b43b91602d15bf4ec7df","19","0","0","15234","Aram","Zucker-Scharff","chronotope","false","male","","","","US","self","https://fastly.4sqi.net/img/user/","/15234-EMJINMXJKZ5R5S20.jpg","570bed4acd10b7535ea7d653","Strange Brew","https://foursquare.com/v/strange-brew/570bed4acd10b7535ea7d653"
"id","createdAt","text","type","canonicalUrl","viewCount","agreeCount","disagreeCount","user.id","user.firstName","user.lastName","user.handle","user.privateProfile","user.gender","user.address","user.city","user.state","user.countryCode","user.relationship","user.photo.prefix","user.photo.suffix","venue.id","venue.name","venue.url"
"610b4621e9e5260d2198e53b","2021-08-05 02:00:01.000000","Vegan fake beef dumplings were spicy and fantastic!","user","https://foursquare.com/item/610b4621e9e5260d2198e53b","72","1","0","15234","Aram","Zucker-Scharff","chronotope","false","male","","","","US","self","https://fastly.4sqi.net/img/user/","/15234-EMJINMXJKZ5R5S20.jpg","5b030af5628c83002c2e9304","Vanessa’s Dumpling House - The Factory","https://foursquare.com/v/vanessas-dumpling-house--the-factory/5b030af5628c83002c2e9304"
"id","createdAt","text","type","canonicalUrl","viewCount","agreeCount","disagreeCount","user.id","user.firstName","user.lastName","user.handle","user.privateProfile","user.gender","user.address","user.city","user.state","user.countryCode","user.relationship","user.photo.prefix","user.photo.suffix","venue.id","venue.name","venue.url"
"60cc2a68a934bd77049d7840","2021-06-18 05:08:56.000000","This was such a lucky find! I was starving & it was late and we were able to sneak in 30 minutes before the kitchen closed. Drinks were amazing and the food was really great. A very strong recommend!","user","https://foursquare.com/item/60cc2a68a934bd77049d7840","72","0","0","15234","Aram","Zucker-Scharff","chronotope","false","male","","","","US","self","https://fastly.4sqi.net/img/user/","/15234-EMJINMXJKZ5R5S20.jpg","52d1cfe0498e2bacdbf68f49","Sanchos Cantina & Cocina","https://foursquare.com/v/sanchos-cantina--cocina/52d1cfe0498e2bacdbf68f49"
"id","createdAt","text","type","canonicalUrl","viewCount","agreeCount","disagreeCount","user.id","user.firstName","user.lastName","user.handle","user.privateProfile","user.gender","user.address","user.city","user.state","user.countryCode","user.relationship","user.photo.prefix","user.photo.suffix","venue.id","venue.name","venue.url"
"60bd8143802cbe2218ff696d","2021-06-07 02:15:31.000000","I'm going to change your life: get the tomato soup and then dip fries into it.","user","https://foursquare.com/item/60bd8143802cbe2218ff696d","79","1","0","15234","Aram","Zucker-Scharff","chronotope","false","male","","","","US","self","https://fastly.4sqi.net/img/user/","/15234-EMJINMXJKZ5R5S20.jpg","3fd66200f964a5205ae91ee3","Cafeteria","https://foursquare.com/v/cafeteria/3fd66200f964a5205ae91ee3"
"id","createdAt","text","type","canonicalUrl","viewCount","agreeCount","disagreeCount","user.id","user.firstName","user.lastName","user.handle","user.privateProfile","user.gender","user.address","user.city","user.state","user.countryCode","user.relationship","user.photo.prefix","user.photo.suffix","venue.id","venue.name","venue.url"
"60bb83c7aab5925664a46084","2021-06-05 14:01:43.000000","Very large but delicious chocolate chip cookies!","user","https://foursquare.com/item/60bb83c7aab5925664a46084","132","0","0","15234","Aram","Zucker-Scharff","chronotope","false","male","","","","US","self","https://fastly.4sqi.net/img/user/","/15234-EMJINMXJKZ5R5S20.jpg","5c421048dbde11002535721b","Chip City","https://foursquare.com/v/chip-city/5c421048dbde11002535721b"
"id","createdAt","text","type","canonicalUrl","viewCount","agreeCount","disagreeCount","user.id","user.firstName","user.lastName","user.handle","user.privateProfile","user.gender","user.address","user.city","user.state","user.countryCode","user.relationship","user.photo.prefix","user.photo.suffix","venue.id","venue.name","venue.url"
"60722e08bb80c822a6916647","2021-04-10 23:00:24.000000","The ""Gold brew"" here was one of the best cold brews I've had!","user","https://foursquare.com/item/60722e08bb80c822a6916647","779","4","0","15234","Aram","Zucker-Scharff","chronotope","false","male","","","","US","self","https://fastly.4sqi.net/img/user/","/15234-EMJINMXJKZ5R5S20.jpg","5f6f538bc5762d076deaac9b","Espresso Paloma","https://foursquare.com/v/espresso-paloma/5f6f538bc5762d076deaac9b"
"id","createdAt","text","type","canonicalUrl","viewCount","agreeCount","disagreeCount","user.id","user.firstName","user.lastName","user.handle","user.privateProfile","user.gender","user.address","user.city","user.state","user.countryCode","user.relationship","user.photo.prefix","user.photo.suffix","venue.id","venue.name","venue.url"
"5f2ef7c83bcf2f6b89122d4a","2020-08-08 19:06:48.000000","Had a really great brunch!","user","https://foursquare.com/item/5f2ef7c83bcf2f6b89122d4a","752","6","0","15234","Aram","Zucker-Scharff","chronotope","false","male","","","","US","self","https://fastly.4sqi.net/img/user/","/15234-EMJINMXJKZ5R5S20.jpg","5ef8c3ac187b2d000972912b","Kokomo","https://foursquare.com/v/kokomo/5ef8c3ac187b2d000972912b"
"id","createdAt","text","type","canonicalUrl","viewCount","agreeCount","disagreeCount","user.id","user.firstName","user.lastName","user.handle","user.privateProfile","user.gender","user.address","user.city","user.state","user.countryCode","user.relationship","user.photo.prefix","user.photo.suffix","venue.id","venue.name","venue.url"
"5ded83b577c7b00006fc1c10","2019-12-08 23:13:57.000000","Great food, amazing service!","user","https://foursquare.com/item/5ded83b577c7b00006fc1c10","53","0","0","15234","Aram","Zucker-Scharff","chronotope","false","male","","","","US","self","https://fastly.4sqi.net/img/user/","/15234-EMJINMXJKZ5R5S20.jpg","40fc6080f964a520150b1fe3","Negril Village","https://foursquare.com/v/negril-village/40fc6080f964a520150b1fe3"
"id","createdAt","text","type","canonicalUrl","viewCount","agreeCount","disagreeCount","user.id","user.firstName","user.lastName","user.handle","user.privateProfile","user.gender","user.address","user.city","user.state","user.countryCode","user.relationship","user.photo.prefix","user.photo.suffix","venue.id","venue.name","venue.url"
"5deb17b21b3a8e0006240993","2019-12-07 03:08:34.000000","Amazing molecular cocktails!","user","https://foursquare.com/item/5deb17b21b3a8e0006240993","38","0","0","15234","Aram","Zucker-Scharff","chronotope","false","male","","","","US","self","https://fastly.4sqi.net/img/user/","/15234-EMJINMXJKZ5R5S20.jpg","5d74391d4155270008c58528","El Patio","https://foursquare.com/v/el-patio/5d74391d4155270008c58528"
"id","createdAt","text","type","canonicalUrl","viewCount","agreeCount","disagreeCount","user.id","user.firstName","user.lastName","user.handle","user.privateProfile","user.gender","user.address","user.city","user.state","user.countryCode","user.relationship","user.photo.prefix","user.photo.suffix","venue.id","venue.name","venue.url"
"5de307cfc8ca7d0006caed28","2019-12-01 00:22:39.000000","Great tofu dishes!","user","https://foursquare.com/item/5de307cfc8ca7d0006caed28","27","1","0","15234","Aram","Zucker-Scharff","chronotope","false","male","","","","US","self","https://fastly.4sqi.net/img/user/","/15234-EMJINMXJKZ5R5S20.jpg","5db485bf61c9ea000806f7a9","The Buffs","https://foursquare.com/v/the-buffs/5db485bf61c9ea000806f7a9"
"id","createdAt","text","type","canonicalUrl","viewCount","agreeCount","disagreeCount","user.id","user.firstName","user.lastName","user.handle","user.privateProfile","user.gender","user.address","user.city","user.state","user.countryCode","user.relationship","user.photo.prefix","user.photo.suffix","venue.id","venue.name","venue.url"
"5de307c53a5e3100088c362b","2019-12-01 00:22:29.000000","Really great! We did the Surprise Dish for Two and got some really delicious dishes we hadn't tried before.","user","https://foursquare.com/item/5de307c53a5e3100088c362b","60","3","0","15234","Aram","Zucker-Scharff","chronotope","false","male","","","","US","self","https://fastly.4sqi.net/img/user/","/15234-EMJINMXJKZ5R5S20.jpg","5db485bf61c9ea000806f7a9","The Buffs","https://foursquare.com/v/the-buffs/5db485bf61c9ea000806f7a9"
"id","createdAt","text","type","canonicalUrl","viewCount","agreeCount","disagreeCount","user.id","user.firstName","user.lastName","user.handle","user.privateProfile","user.gender","user.address","user.city","user.state","user.countryCode","user.relationship","user.photo.prefix","user.photo.suffix","venue.id","venue.name","venue.url"
"5da3c1e6be66f700067a9485","2019-10-14 00:31:34.000000","Really excellent cocktails!","user","https://foursquare.com/item/5da3c1e6be66f700067a9485","272","0","0","15234","Aram","Zucker-Scharff","chronotope","false","male","","","","US","self","https://fastly.4sqi.net/img/user/","/15234-EMJINMXJKZ5R5S20.jpg","4b933ea9f964a5200c3d34e3","Terraza 7","https://foursquare.com/v/terraza-7/4b933ea9f964a5200c3d34e3"
"id","createdAt","text","type","canonicalUrl","viewCount","agreeCount","disagreeCount","user.id","user.firstName","user.lastName","user.handle","user.privateProfile","user.gender","user.address","user.city","user.state","user.countryCode","user.relationship","user.photo.prefix","user.photo.suffix","venue.id","venue.name","venue.url"
"5d46059c4d25e90008af849b","2019-08-03 22:07:24.000000","Definitely not one dollar symbol, like 3.","user","https://foursquare.com/item/5d46059c4d25e90008af849b","76","1","0","15234","Aram","Zucker-Scharff","chronotope","false","male","","","","US","self","https://fastly.4sqi.net/img/user/","/15234-EMJINMXJKZ5R5S20.jpg","58b79c23668af72c7bdbfdc6","Empellón","https://foursquare.com/v/empell%C3%B3n/58b79c23668af72c7bdbfdc6"
"id","createdAt","text","type","canonicalUrl","viewCount","agreeCount","disagreeCount","user.id","user.firstName","user.lastName","user.handle","user.privateProfile","user.gender","user.address","user.city","user.state","user.countryCode","user.relationship","user.photo.prefix","user.photo.suffix","venue.id","venue.name","venue.url"
"5d0fc0c5e2dcb400235baa70","2019-06-23 18:11:17.000000","Great Brussel Sprout Hash and brunch drinks!","user","https://foursquare.com/item/5d0fc0c5e2dcb400235baa70","81","0","0","15234","Aram","Zucker-Scharff","chronotope","false","male","","","","US","self","https://fastly.4sqi.net/img/user/","/15234-EMJINMXJKZ5R5S20.jpg","50d5e0fce4b01e0c6330f7a1","Sunshine Co.","https://foursquare.com/v/sunshine-co/50d5e0fce4b01e0c6330f7a1"
"id","createdAt","text","type","canonicalUrl","viewCount","agreeCount","disagreeCount","user.id","user.firstName","user.lastName","user.handle","user.privateProfile","user.gender","user.address","user.city","user.state","user.countryCode","user.relationship","user.photo.prefix","user.photo.suffix","venue.id","venue.name","venue.url"
"5cf920638496ca002c8fb1ab","2019-06-06 14:17:07.000000","Great noodles and buns!","user","https://foursquare.com/item/5cf920638496ca002c8fb1ab","128","4","0","15234","Aram","Zucker-Scharff","chronotope","false","male","","","","US","self","https://fastly.4sqi.net/img/user/","/15234-EMJINMXJKZ5R5S20.jpg","5c72e85f0802d4002cf2f4af","Xiang Xiang Noodle","https://foursquare.com/v/xiang-xiang-noodle/5c72e85f0802d4002cf2f4af"
"id","createdAt","text","type","canonicalUrl","viewCount","agreeCount","disagreeCount","user.id","user.firstName","user.lastName","user.handle","user.privateProfile","user.gender","user.address","user.city","user.state","user.countryCode","user.relationship","user.photo.prefix","user.photo.suffix","venue.id","venue.name","venue.url"
"5c96ea36e9b9a5002535ca96","2019-03-24 02:23:50.000000","Much improved by the recent renovation, it's a little pricier than the average, but great. Even if you're not interested in food, I really liked their cocktails.","user","https://foursquare.com/item/5c96ea36e9b9a5002535ca96","177","0","0","15234","Aram","Zucker-Scharff","chronotope","false","male","","","","US","self","https://fastly.4sqi.net/img/user/","/15234-EMJINMXJKZ5R5S20.jpg","5b083ee3dee770002c0579da","Corazon De Mexico","https://foursquare.com/v/corazon-de-mexico/5b083ee3dee770002c0579da"
"id","createdAt","text","type","canonicalUrl","viewCount","agreeCount","disagreeCount","user.id","user.firstName","user.lastName","user.handle","user.privateProfile","user.gender","user.address","user.city","user.state","user.countryCode","user.relationship","user.photo.prefix","user.photo.suffix","venue.id","venue.name","venue.url"
"5c840d1901bc5a002cbcae99","2019-03-09 18:59:37.000000","Great brunch and a really good game on a Bloody Mary!","user","https://foursquare.com/item/5c840d1901bc5a002cbcae99","92","0","0","15234","Aram","Zucker-Scharff","chronotope","false","male","","","","US","self","https://fastly.4sqi.net/img/user/","/15234-EMJINMXJKZ5R5S20.jpg","46f52f99f964a520ef4a1fe3","Sidecar","https://foursquare.com/v/sidecar/46f52f99f964a520ef4a1fe3"
"id","createdAt","text","type","canonicalUrl","viewCount","agreeCount","disagreeCount","user.id","user.firstName","user.lastName","user.handle","user.privateProfile","user.gender","user.address","user.city","user.state","user.countryCode","user.relationship","user.photo.prefix","user.photo.suffix","venue.id","venue.name","venue.url"
"5c7b269aa6ec98002cc67ec2","2019-03-03 00:58:02.000000","Sadly long closed now.","user","https://foursquare.com/item/5c7b269aa6ec98002cc67ec2","1","0","0","15234","Aram","Zucker-Scharff","chronotope","false","male","","","","US","self","https://fastly.4sqi.net/img/user/","/15234-EMJINMXJKZ5R5S20.jpg","55ab1720498e95351bdc5a7f","The Standing Room","https://foursquare.com/v/the-standing-room/55ab1720498e95351bdc5a7f"
"id","createdAt","text","type","canonicalUrl","viewCount","agreeCount","disagreeCount","user.id","user.firstName","user.lastName","user.handle","user.privateProfile","user.gender","user.address","user.city","user.state","user.countryCode","user.relationship","user.photo.prefix","user.photo.suffix","venue.id","venue.name","venue.url"
"5c378d74018cbb002c8a8661","2019-01-10 18:22:44.000000","Small place, but worthwhile. Really good noodles, friendly staff, and when they say spicy they mean it.","user","https://foursquare.com/item/5c378d74018cbb002c8a8661","124","0","0","15234","Aram","Zucker-Scharff","chronotope","false","male","","","","US","self","https://fastly.4sqi.net/img/user/","/15234-EMJINMXJKZ5R5S20.jpg","4fb2522de4b0e1e9691c301b","Bao Bao Cafe 咱家小馆","https://foursquare.com/v/bao-bao-cafe-%E5%92%B1%E5%AE%B6%E5%B0%8F%E9%A6%86/4fb2522de4b0e1e9691c301b"
"id","createdAt","text","type","canonicalUrl","viewCount","agreeCount","disagreeCount","user.id","user.firstName","user.lastName","user.handle","user.privateProfile","user.gender","user.address","user.city","user.state","user.countryCode","user.relationship","user.photo.prefix","user.photo.suffix","venue.id","venue.name","venue.url"
"5c301feadbde11003210214e","2019-01-05 03:09:30.000000","Reasonably priced cocktails for the area, great atmosphere, a lot of fun!","user","https://foursquare.com/item/5c301feadbde11003210214e","304","0","0","15234","Aram","Zucker-Scharff","chronotope","false","male","","","","US","self","https://fastly.4sqi.net/img/user/","/15234-EMJINMXJKZ5R5S20.jpg","5a51a92497461750cb744252","Grand Republic Cocktail Club","https://foursquare.com/v/grand-republic-cocktail-club/5a51a92497461750cb744252"
"id","createdAt","text","type","canonicalUrl","viewCount","agreeCount","disagreeCount","user.id","user.firstName","user.lastName","user.handle","user.privateProfile","user.gender","user.address","user.city","user.state","user.countryCode","user.relationship","user.photo.prefix","user.photo.suffix","venue.id","venue.name","venue.url"
"5c1a7c15aa6c95002cca5993","2018-12-19 17:12:53.000000","Large, tasty portions at reasonable prices, what more could you ask for?","user","https://foursquare.com/item/5c1a7c15aa6c95002cca5993","97","0","0","15234","Aram","Zucker-Scharff","chronotope","false","male","","","","US","self","https://fastly.4sqi.net/img/user/","/15234-EMJINMXJKZ5R5S20.jpg","529b8f3211d25b45e53965a2","La Goulette","https://foursquare.com/v/la-goulette/529b8f3211d25b45e53965a2"
"id","createdAt","text","type","canonicalUrl","viewCount","agreeCount","disagreeCount","user.id","user.firstName","user.lastName","user.handle","user.privateProfile","user.gender","user.address","user.city","user.state","user.countryCode","user.relationship","user.photo.prefix","user.photo.suffix","venue.id","venue.name","venue.url"
"5c1280b00336930039275a9f","2018-12-13 15:54:24.000000","No laptops","user","https://foursquare.com/item/5c1280b00336930039275a9f","119","0","0","15234","Aram","Zucker-Scharff","chronotope","false","male","","","","US","self","https://fastly.4sqi.net/img/user/","/15234-EMJINMXJKZ5R5S20.jpg","57016dc5498e57103d6cd41e","Frieda","https://foursquare.com/v/frieda/57016dc5498e57103d6cd41e"
"id","createdAt","text","type","canonicalUrl","viewCount","agreeCount","disagreeCount","user.id","user.firstName","user.lastName","user.handle","user.privateProfile","user.gender","user.address","user.city","user.state","user.countryCode","user.relationship","user.photo.prefix","user.photo.suffix","venue.id","venue.name","venue.url"
"5bf1d4d6dd12f8002c5d3565","2018-11-18 21:08:38.000000","Good coffee, good service, very spacious. It was a great place to get some work done.","user","https://foursquare.com/item/5bf1d4d6dd12f8002c5d3565","70","3","0","15234","Aram","Zucker-Scharff","chronotope","false","male","","","","US","self","https://fastly.4sqi.net/img/user/","/15234-EMJINMXJKZ5R5S20.jpg","5ba3a2123fcee8002cbf0fd0","Bower Cafe","https://foursquare.com/v/bower-cafe/5ba3a2123fcee8002cbf0fd0"
"id","createdAt","text","type","canonicalUrl","viewCount","agreeCount","disagreeCount","user.id","user.firstName","user.lastName","user.handle","user.privateProfile","user.gender","user.address","user.city","user.state","user.countryCode","user.relationship","user.photo.prefix","user.photo.suffix","venue.id","venue.name","venue.url"
"5b89d600005ac1002cac4066","2018-08-31 23:57:52.000000","Great noodles and tofu!","user","https://foursquare.com/item/5b89d600005ac1002cac4066","581","0","0","15234","Aram","Zucker-Scharff","chronotope","false","male","","","","US","self","https://fastly.4sqi.net/img/user/","/15234-EMJINMXJKZ5R5S20.jpg","558de98e498e6a8ca1f5056d","Chop Shop II","https://foursquare.com/v/chop-shop-ii/558de98e498e6a8ca1f5056d"
"id","createdAt","text","type","canonicalUrl","viewCount","agreeCount","disagreeCount","user.id","user.firstName","user.lastName","user.handle","user.privateProfile","user.gender","user.address","user.city","user.state","user.countryCode","user.relationship","user.photo.prefix","user.photo.suffix","venue.id","venue.name","venue.url"
"5b889f51d3cce80039d1e827","2018-08-31 01:52:17.000000","Save room for dessert, they have a big selection! Also, the best scallops I've had in my life. If they're serving them, I could not recommend them any higher.","user","https://foursquare.com/item/5b889f51d3cce80039d1e827","763","6","0","15234","Aram","Zucker-Scharff","chronotope","false","male","","","","US","self","https://fastly.4sqi.net/img/user/","/15234-EMJINMXJKZ5R5S20.jpg","583f5f34af7d17640f9ef659","Fine & Rare","https://foursquare.com/v/fine--rare/583f5f34af7d17640f9ef659"
"id","createdAt","text","type","canonicalUrl","viewCount","agreeCount","disagreeCount","user.id","user.firstName","user.lastName","user.handle","user.privateProfile","user.gender","user.address","user.city","user.state","user.countryCode","user.relationship","user.photo.prefix","user.photo.suffix","venue.id","venue.name","venue.url"
"5b83360a286fda002c70888f","2018-08-26 23:21:46.000000","Great falafel!","user","https://foursquare.com/item/5b83360a286fda002c70888f","53","2","0","15234","Aram","Zucker-Scharff","chronotope","false","male","","","","US","self","https://fastly.4sqi.net/img/user/","/15234-EMJINMXJKZ5R5S20.jpg","573f5cf8498eb4092719505f","Tzatziki Greek Grill","https://foursquare.com/v/tzatziki-greek-grill/573f5cf8498eb4092719505f"
"id","createdAt","text","type","canonicalUrl","viewCount","agreeCount","disagreeCount","user.id","user.firstName","user.lastName","user.handle","user.privateProfile","user.gender","user.address","user.city","user.state","user.countryCode","user.relationship","user.photo.prefix","user.photo.suffix","venue.id","venue.name","venue.url"
"5b7cb9af340a58002cf7419f","2018-08-22 01:17:35.000000","Great cocktails, great brunch.","user","https://foursquare.com/item/5b7cb9af340a58002cf7419f","1092","0","0","15234","Aram","Zucker-Scharff","chronotope","false","male","","","","US","self","https://fastly.4sqi.net/img/user/","/15234-EMJINMXJKZ5R5S20.jpg","5ae25347fd16bb002cf0c3f2","Elder Greene","https://foursquare.com/v/elder-greene/5ae25347fd16bb002cf0c3f2"
"id","createdAt","text","type","canonicalUrl","viewCount","agreeCount","disagreeCount","user.id","user.firstName","user.lastName","user.handle","user.privateProfile","user.gender","user.address","user.city","user.state","user.countryCode","user.relationship","user.photo.prefix","user.photo.suffix","venue.id","venue.name","venue.url"
"5b79efcb10b3030024ee905a","2018-08-19 22:31:39.000000","Excellent ramen and small plates!","user","https://foursquare.com/item/5b79efcb10b3030024ee905a","314","1","0","15234","Aram","Zucker-Scharff","chronotope","false","male","","","","US","self","https://fastly.4sqi.net/img/user/","/15234-EMJINMXJKZ5R5S20.jpg","5b5a55eb2463d80044aa5775","Ramen Mafia","https://foursquare.com/v/ramen-mafia/5b5a55eb2463d80044aa5775"
"id","createdAt","text","type","canonicalUrl","viewCount","agreeCount","disagreeCount","user.id","user.firstName","user.lastName","user.handle","user.privateProfile","user.gender","user.address","user.city","user.state","user.countryCode","user.relationship","user.photo.prefix","user.photo.suffix","venue.id","venue.name","venue.url"
"5b7772540d2be7002ca9db51","2018-08-18 01:11:48.000000","Korean BBQ, brunch, coffee drinks, Mediterranean,","user","https://foursquare.com/item/5b7772540d2be7002ca9db51","45","0","0","15234","Aram","Zucker-Scharff","chronotope","false","male","","","","US","self","https://fastly.4sqi.net/img/user/","/15234-EMJINMXJKZ5R5S20.jpg","57fbedf5498eeaa004ecc0c7","The Green Street LIC","https://foursquare.com/v/the-green-street-lic/57fbedf5498eeaa004ecc0c7"
"id","createdAt","text","type","canonicalUrl","viewCount","agreeCount","disagreeCount","user.id","user.firstName","user.lastName","user.handle","user.privateProfile","user.gender","user.address","user.city","user.state","user.countryCode","user.relationship","user.photo.prefix","user.photo.suffix","venue.id","venue.name","venue.url"
"5b776e5265cdf8002c4ed204","2018-08-18 00:54:42.000000","Amazing shared BBQ and some of the best octopus I've ever had.","user","https://foursquare.com/item/5b776e5265cdf8002c4ed204","54","0","0","15234","Aram","Zucker-Scharff","chronotope","false","male","","","","US","self","https://fastly.4sqi.net/img/user/","/15234-EMJINMXJKZ5R5S20.jpg","57fbedf5498eeaa004ecc0c7","The Green Street LIC","https://foursquare.com/v/the-green-street-lic/57fbedf5498eeaa004ecc0c7"
"id","createdAt","text","type","canonicalUrl","viewCount","agreeCount","disagreeCount","user.id","user.firstName","user.lastName","user.handle","user.privateProfile","user.gender","user.address","user.city","user.state","user.countryCode","user.relationship","user.photo.prefix","user.photo.suffix","venue.id","venue.name","venue.url"
"5b74babefdb9a7002cfe07d5","2018-08-15 23:43:58.000000","They make a great julep! And the colliflower appetizer is really good.Also useful: power sockets are available by bar seating.","user","https://foursquare.com/item/5b74babefdb9a7002cfe07d5","77","1","0","15234","Aram","Zucker-Scharff","chronotope","false","male","","","","US","self","https://fastly.4sqi.net/img/user/","/15234-EMJINMXJKZ5R5S20.jpg","5b5a239de55d8b002c651255","Legal Sea Bar","https://foursquare.com/v/legal-sea-bar/5b5a239de55d8b002c651255"
"id","createdAt","text","type","canonicalUrl","viewCount","agreeCount","disagreeCount","user.id","user.firstName","user.lastName","user.handle","user.privateProfile","user.gender","user.address","user.city","user.state","user.countryCode","user.relationship","user.photo.prefix","user.photo.suffix","venue.id","venue.name","venue.url"
"5b6f475c33e118002c636c52","2018-08-11 20:30:20.000000","Good Matcha!","user","https://foursquare.com/item/5b6f475c33e118002c636c52","43","0","0","15234","Aram","Zucker-Scharff","chronotope","false","male","","","","US","self","https://fastly.4sqi.net/img/user/","/15234-EMJINMXJKZ5R5S20.jpg","52da94ff498ed3db753a13ec","Source Coffeehouse","https://foursquare.com/v/source-coffeehouse/52da94ff498ed3db753a13ec"
"id","createdAt","text","type","canonicalUrl","viewCount","agreeCount","disagreeCount","user.id","user.firstName","user.lastName","user.handle","user.privateProfile","user.gender","user.address","user.city","user.state","user.countryCode","user.relationship","user.photo.prefix","user.photo.suffix","venue.id","venue.name","venue.url"
"5b6efec478782c002c93e8bd","2018-08-11 15:20:36.000000","Great pho, good drinks!","user","https://foursquare.com/item/5b6efec478782c002c93e8bd","25","0","0","15234","Aram","Zucker-Scharff","chronotope","false","male","","","","US","self","https://fastly.4sqi.net/img/user/","/15234-EMJINMXJKZ5R5S20.jpg","55d7b438498e926c55f30226","Bia","https://foursquare.com/v/bia/55d7b438498e926c55f30226"
"id","createdAt","text","type","canonicalUrl","viewCount","agreeCount","disagreeCount","user.id","user.firstName","user.lastName","user.handle","user.privateProfile","user.gender","user.address","user.city","user.state","user.countryCode","user.relationship","user.photo.prefix","user.photo.suffix","venue.id","venue.name","venue.url"
"5b42cd51b37e2b002c4d00d6","2018-07-09 02:49:53.000000","Great coffee ice cream!","user","https://foursquare.com/item/5b42cd51b37e2b002c4d00d6","174","0","0","15234","Aram","Zucker-Scharff","chronotope","false","male","","","","US","self","https://fastly.4sqi.net/img/user/","/15234-EMJINMXJKZ5R5S20.jpg","59e63235f1fdaf746d090d16","Davey’s Ice Cream","https://foursquare.com/v/daveys-ice-cream/59e63235f1fdaf746d090d16"
"id","createdAt","text","type","canonicalUrl","viewCount","agreeCount","disagreeCount","user.id","user.firstName","user.lastName","user.handle","user.privateProfile","user.gender","user.address","user.city","user.state","user.countryCode","user.relationship","user.photo.prefix","user.photo.suffix","venue.id","venue.name","venue.url"
"5b243107f1fdaf002cff5212","2018-06-15 21:35:03.000000","Mint Cold Brew is amazing!","user","https://foursquare.com/item/5b243107f1fdaf002cff5212","397","1","0","15234","Aram","Zucker-Scharff","chronotope","false","male","","","","US","self","https://fastly.4sqi.net/img/user/","/15234-EMJINMXJKZ5R5S20.jpg","5a3a7dde234724761e0eeb30","Compass Coffee","https://foursquare.com/v/compass-coffee/5a3a7dde234724761e0eeb30"
"id","createdAt","text","type","canonicalUrl","viewCount","agreeCount","disagreeCount","user.id","user.firstName","user.lastName","user.handle","user.privateProfile","user.gender","user.address","user.city","user.state","user.countryCode","user.relationship","user.photo.prefix","user.photo.suffix","venue.id","venue.name","venue.url"
"5af7392d2aff3156734966ba","2018-05-12 18:57:49.000000","Grab a friend and come here for brunch and get the dumplings deal, it's worth it!","user","https://foursquare.com/item/5af7392d2aff3156734966ba","185","0","0","15234","Aram","Zucker-Scharff","chronotope","false","male","","","","US","self","https://fastly.4sqi.net/img/user/","/15234-EMJINMXJKZ5R5S20.jpg","599b6fd9b37e2b0be1030ec2","Bar Glory","https://foursquare.com/v/bar-glory/599b6fd9b37e2b0be1030ec2"
"id","createdAt","text","type","canonicalUrl","viewCount","agreeCount","disagreeCount","user.id","user.firstName","user.lastName","user.handle","user.privateProfile","user.gender","user.address","user.city","user.state","user.countryCode","user.relationship","user.photo.prefix","user.photo.suffix","venue.id","venue.name","venue.url"
"5abad0194c9be66c9a5d829c","2018-03-27 23:13:29.000000","No screens showing flight status, a miniscule menu, overpriced. What a mess. Too bad it's currently the only bar/sit down restaurant in Terminal 7.","user","https://foursquare.com/item/5abad0194c9be66c9a5d829c","729","1","0","15234","Aram","Zucker-Scharff","chronotope","false","male","","","","US","self","https://fastly.4sqi.net/img/user/","/15234-EMJINMXJKZ5R5S20.jpg","5a969f9012f0a9581f2be7e6","Long Island Brew House","https://foursquare.com/v/long-island-brew-house/5a969f9012f0a9581f2be7e6"
"id","createdAt","text","type","canonicalUrl","viewCount","agreeCount","disagreeCount","user.id","user.firstName","user.lastName","user.handle","user.privateProfile","user.gender","user.address","user.city","user.state","user.countryCode","user.relationship","user.photo.prefix","user.photo.suffix","venue.id","venue.name","venue.url"
"5a2b6c6a6a59506705ea8d2d","2017-12-09 04:54:02.000000","It has a bar! Which is nice, because those can be hard to find around here.","user","https://foursquare.com/item/5a2b6c6a6a59506705ea8d2d","103","0","0","15234","Aram","Zucker-Scharff","chronotope","false","male","","","","US","self","https://fastly.4sqi.net/img/user/","/15234-EMJINMXJKZ5R5S20.jpg","5907ae171acf11657669178e","Breakers Korean Bar-B-Q","https://foursquare.com/v/breakers-korean-barbq/5907ae171acf11657669178e"
"id","createdAt","text","type","canonicalUrl","viewCount","agreeCount","disagreeCount","user.id","user.firstName","user.lastName","user.handle","user.privateProfile","user.gender","user.address","user.city","user.state","user.countryCode","user.relationship","user.photo.prefix","user.photo.suffix","venue.id","venue.name","venue.url"
"5a2b457f25ecca12bf9a12c4","2017-12-09 02:07:59.000000","It has a bar!","user","https://foursquare.com/item/5a2b457f25ecca12bf9a12c4","57","0","0","15234","Aram","Zucker-Scharff","chronotope","false","male","","","","US","self","https://fastly.4sqi.net/img/user/","/15234-EMJINMXJKZ5R5S20.jpg","5907ae171acf11657669178e","Breakers Korean Bar-B-Q","https://foursquare.com/v/breakers-korean-barbq/5907ae171acf11657669178e"
"id","createdAt","text","type","canonicalUrl","viewCount","agreeCount","disagreeCount","user.id","user.firstName","user.lastName","user.handle","user.privateProfile","user.gender","user.address","user.city","user.state","user.countryCode","user.relationship","user.photo.prefix","user.photo.suffix","venue.id","venue.name","venue.url"
"5a2b3f00cad1b6792a7e0b1a","2017-12-09 01:40:16.000000","I'm not sure, but I think it's closed.","user","https://foursquare.com/item/5a2b3f00cad1b6792a7e0b1a","0","0","0","15234","Aram","Zucker-Scharff","chronotope","false","male","","","","US","self","https://fastly.4sqi.net/img/user/","/15234-EMJINMXJKZ5R5S20.jpg","4e346fc96284ea7e10f5a99f","Pieros Corner Ristorante Italiano","https://foursquare.com/v/pieros-corner-ristorante-italiano/4e346fc96284ea7e10f5a99f"
"id","createdAt","text","type","canonicalUrl","viewCount","agreeCount","disagreeCount","user.id","user.firstName","user.lastName","user.handle","user.privateProfile","user.gender","user.address","user.city","user.state","user.countryCode","user.relationship","user.photo.prefix","user.photo.suffix","venue.id","venue.name","venue.url"
"5a1210edee71206effed9e6e","2017-11-19 23:17:01.000000","Spicy dumplings, bubble tea, coffee jelly, buns, all amazingly good!","user","https://foursquare.com/item/5a1210edee71206effed9e6e","25","0","0","15234","Aram","Zucker-Scharff","chronotope","false","male","","","","US","self","https://fastly.4sqi.net/img/user/","/15234-EMJINMXJKZ5R5S20.jpg","59a853738e886a3d83021165","Mi Lah","https://foursquare.com/v/mi-lah/59a853738e886a3d83021165"
"id","createdAt","text","type","canonicalUrl","viewCount","agreeCount","disagreeCount","user.id","user.firstName","user.lastName","user.handle","user.privateProfile","user.gender","user.address","user.city","user.state","user.countryCode","user.relationship","user.photo.prefix","user.photo.suffix","venue.id","venue.name","venue.url"
"59cf0dbd9cadd968beedc862","2017-09-30 03:21:33.000000","Great cocktails!","user","https://foursquare.com/item/59cf0dbd9cadd968beedc862","279","0","0","15234","Aram","Zucker-Scharff","chronotope","false","male","","","","US","self","https://fastly.4sqi.net/img/user/","/15234-EMJINMXJKZ5R5S20.jpg","592e238d8c35dc56bc80b5de","Casa Pública","https://foursquare.com/v/casa-p%C3%BAblica/592e238d8c35dc56bc80b5de"
"id","createdAt","text","type","canonicalUrl","viewCount","agreeCount","disagreeCount","user.id","user.firstName","user.lastName","user.handle","user.privateProfile","user.gender","user.address","user.city","user.state","user.countryCode","user.relationship","user.photo.prefix","user.photo.suffix","venue.id","venue.name","venue.url"
"59baedd43fcee81ecbb1d8ba","2017-09-14 21:00:04.000000","I've had many a Bourbon Chicken meal in many a food court and I can guarantee to you that this is the best damn bourbon chicken you'll ever have.","user","https://foursquare.com/item/59baedd43fcee81ecbb1d8ba","84","2","0","15234","Aram","Zucker-Scharff","chronotope","false","male","","","","US","self","https://fastly.4sqi.net/img/user/","/15234-EMJINMXJKZ5R5S20.jpg","4cacb50297c8a1cdef3ea3a5","Kelly's Cajun Grill","https://foursquare.com/v/kellys-cajun-grill/4cacb50297c8a1cdef3ea3a5"
"id","createdAt","text","type","canonicalUrl","viewCount","agreeCount","disagreeCount","user.id","user.firstName","user.lastName","user.handle","user.privateProfile","user.gender","user.address","user.city","user.state","user.countryCode","user.relationship","user.photo.prefix","user.photo.suffix","venue.id","venue.name","venue.url"
"59b05bf89ef8ef41463c5df1","2017-09-06 20:35:04.000000","Great soups!","user","https://foursquare.com/item/59b05bf89ef8ef41463c5df1","47","0","0","15234","Aram","Zucker-Scharff","chronotope","false","male","","","","US","self","https://fastly.4sqi.net/img/user/","/15234-EMJINMXJKZ5R5S20.jpg","56a8ffbb498e6d9f0e88052d","'Essen Slow Fast Food","https://foursquare.com/v/essen-slow-fast-food/56a8ffbb498e6d9f0e88052d"
"id","createdAt","text","type","canonicalUrl","viewCount","agreeCount","disagreeCount","user.id","user.firstName","user.lastName","user.handle","user.privateProfile","user.gender","user.address","user.city","user.state","user.countryCode","user.relationship","user.photo.prefix","user.photo.suffix","venue.id","venue.name","venue.url"
"5982770006fb603e729a7dc1","2017-08-03 01:06:08.000000","Great Pho!","user","https://foursquare.com/item/5982770006fb603e729a7dc1","103","0","0","15234","Aram","Zucker-Scharff","chronotope","false","male","","","","US","self","https://fastly.4sqi.net/img/user/","/15234-EMJINMXJKZ5R5S20.jpg","56d1f29a498e02fc01596da9","Pho Banh Mi & Grill","https://foursquare.com/v/pho-banh-mi--grill/56d1f29a498e02fc01596da9"
"id","createdAt","text","type","canonicalUrl","viewCount","agreeCount","disagreeCount","user.id","user.firstName","user.lastName","user.handle","user.privateProfile","user.gender","user.address","user.city","user.state","user.countryCode","user.relationship","user.photo.prefix","user.photo.suffix","venue.id","venue.name","venue.url"
"597e50dd4ce0664fb39aa42b","2017-07-30 21:34:21.000000","Had a great brunch!","user","https://foursquare.com/item/597e50dd4ce0664fb39aa42b","28","0","0","15234","Aram","Zucker-Scharff","chronotope","false","male","","","","US","self","https://fastly.4sqi.net/img/user/","/15234-EMJINMXJKZ5R5S20.jpg","4a330364f964a520eb9a1fe3","El Tamarindo","https://foursquare.com/v/el-tamarindo/4a330364f964a520eb9a1fe3"
"id","createdAt","text","type","canonicalUrl","viewCount","agreeCount","disagreeCount","user.id","user.firstName","user.lastName","user.handle","user.privateProfile","user.gender","user.address","user.city","user.state","user.countryCode","user.relationship","user.photo.prefix","user.photo.suffix","venue.id","venue.name","venue.url"
"593467c632b61d213d775a10","2017-06-04 20:04:22.000000","All that remains of the original site is a plaque, half way down the block, attached to a metal post.","user","https://foursquare.com/item/593467c632b61d213d775a10","2","0","0","15234","Aram","Zucker-Scharff","chronotope","false","male","","","","US","self","https://fastly.4sqi.net/img/user/","/15234-EMJINMXJKZ5R5S20.jpg","5934674c9fca567dcbe27fb5","Woody Guthrie's Coney Island Home","https://foursquare.com/v/woody-guthries-coney-island-home/5934674c9fca567dcbe27fb5"
"id","createdAt","text","type","canonicalUrl","likes.count","likes.summary","viewCount","agreeCount","disagreeCount","user.id","user.firstName","user.lastName","user.handle","user.privateProfile","user.gender","user.address","user.city","user.state","user.countryCode","user.relationship","user.photo.prefix","user.photo.suffix","venue.id","venue.name","venue.url"
"59224a2ff79faa1845ac779f","2017-05-22 02:17:19.000000","Bagels are amazing.","user","https://foursquare.com/item/59224a2ff79faa1845ac779f","1","1 like","160","2","0","15234","Aram","Zucker-Scharff","chronotope","false","male","","","","US","self","https://fastly.4sqi.net/img/user/","/15234-EMJINMXJKZ5R5S20.jpg","4bb9dcb01261d13ad7e8e998","Main Street Bagel Deli","https://foursquare.com/v/main-street-bagel-deli/4bb9dcb01261d13ad7e8e998"
"id","createdAt","text","type","canonicalUrl","viewCount","agreeCount","disagreeCount","user.id","user.firstName","user.lastName","user.handle","user.privateProfile","user.gender","user.address","user.city","user.state","user.countryCode","user.relationship","user.photo.prefix","user.photo.suffix","venue.id","venue.name","venue.url"
"5921b8be6a5950627d18dafb","2017-05-21 15:56:46.000000","It's inside a Whole Foods","user","https://foursquare.com/item/5921b8be6a5950627d18dafb","22","0","0","15234","Aram","Zucker-Scharff","chronotope","false","male","","","","US","self","https://fastly.4sqi.net/img/user/","/15234-EMJINMXJKZ5R5S20.jpg","58a5d16b8f0be45941758adf","WFM Coffee Bar","https://foursquare.com/v/wfm-coffee-bar/58a5d16b8f0be45941758adf"
"id","createdAt","text","type","canonicalUrl","viewCount","agreeCount","disagreeCount","user.id","user.firstName","user.lastName","user.handle","user.privateProfile","user.gender","user.address","user.city","user.state","user.countryCode","user.relationship","user.photo.prefix","user.photo.suffix","venue.id","venue.name","venue.url"
"591bd0886a5950627d0c8233","2017-05-17 04:24:40.000000","Best cocktails I've had in Austin.","user","https://foursquare.com/item/591bd0886a5950627d0c8233","497","0","0","15234","Aram","Zucker-Scharff","chronotope","false","male","","","","US","self","https://fastly.4sqi.net/img/user/","/15234-EMJINMXJKZ5R5S20.jpg","5504ef8f498e12606e2b3a10","The Roosevelt Room","https://foursquare.com/v/the-roosevelt-room/5504ef8f498e12606e2b3a10"
"id","createdAt","text","type","canonicalUrl","viewCount","agreeCount","disagreeCount","user.id","user.firstName","user.lastName","user.handle","user.privateProfile","user.gender","user.address","user.city","user.state","user.countryCode","user.relationship","user.photo.prefix","user.photo.suffix","venue.id","venue.name","venue.url"
"59175f4ca2a6ce3bec66fd08","2017-05-13 19:32:28.000000","Great coffee! Great service!","user","https://foursquare.com/item/59175f4ca2a6ce3bec66fd08","31","0","0","15234","Aram","Zucker-Scharff","chronotope","false","male","","","","US","self","https://fastly.4sqi.net/img/user/","/15234-EMJINMXJKZ5R5S20.jpg","4b2b9cadf964a52039b824e3","Jo On The Go","https://foursquare.com/v/jo-on-the-go/4b2b9cadf964a52039b824e3"
"id","createdAt","text","type","canonicalUrl","viewCount","agreeCount","disagreeCount","user.id","user.firstName","user.lastName","user.handle","user.privateProfile","user.gender","user.address","user.city","user.state","user.countryCode","user.relationship","user.photo.prefix","user.photo.suffix","venue.id","venue.name","venue.url"
"590f8913c0cacb30fed818fb","2017-05-07 20:52:35.000000","Excellent work by very friendly staff, and reasonably priced!","user","https://foursquare.com/item/590f8913c0cacb30fed818fb","9","0","0","15234","Aram","Zucker-Scharff","chronotope","false","male","","","","US","self","https://fastly.4sqi.net/img/user/","/15234-EMJINMXJKZ5R5S20.jpg","590f880b1543c7204d2e0b5d","The Art Of The Barber","https://foursquare.com/v/the-art-of-the-barber/590f880b1543c7204d2e0b5d"
"id","createdAt","text","type","canonicalUrl","viewCount","agreeCount","disagreeCount","user.id","user.firstName","user.lastName","user.handle","user.privateProfile","user.gender","user.address","user.city","user.state","user.countryCode","user.relationship","user.photo.prefix","user.photo.suffix","venue.id","venue.name","venue.url"
"58f24b7fdec1d65d99d73884","2017-04-15 16:34:07.000000","Great coffee!","user","https://foursquare.com/item/58f24b7fdec1d65d99d73884","78","2","0","15234","Aram","Zucker-Scharff","chronotope","false","male","","","","US","self","https://fastly.4sqi.net/img/user/","/15234-EMJINMXJKZ5R5S20.jpg","58e38bf8e6160c3c70fc99b9","Sunshine Coffee Roasters","https://foursquare.com/v/sunshine-coffee-roasters/58e38bf8e6160c3c70fc99b9"
"id","createdAt","text","type","canonicalUrl","viewCount","agreeCount","disagreeCount","user.id","user.firstName","user.lastName","user.handle","user.privateProfile","user.gender","user.address","user.city","user.state","user.countryCode","user.relationship","user.photo.prefix","user.photo.suffix","venue.id","venue.name","venue.url"
"58ea94e2b792074139a351f3","2017-04-09 20:09:06.000000","Great udon! Good prices.","user","https://foursquare.com/item/58ea94e2b792074139a351f3","395","2","0","15234","Aram","Zucker-Scharff","chronotope","false","male","","","","US","self","https://fastly.4sqi.net/img/user/","/15234-EMJINMXJKZ5R5S20.jpg","58bf61fce9dad129880e2ce6","Nu Look E&I Eatery and Bar","https://foursquare.com/v/nu-look-ei-eatery-and-bar/58bf61fce9dad129880e2ce6"
"id","createdAt","text","type","canonicalUrl","viewCount","agreeCount","disagreeCount","user.id","user.firstName","user.lastName","user.handle","user.privateProfile","user.gender","user.address","user.city","user.state","user.countryCode","user.relationship","user.photo.prefix","user.photo.suffix","venue.id","venue.name","venue.url"
"58bc8a5d2948b365b2593d23","2017-03-05 21:59:57.000000","Great coffee, like really good.","user","https://foursquare.com/item/58bc8a5d2948b365b2593d23","39","0","0","15234","Aram","Zucker-Scharff","chronotope","false","male","","","","US","self","https://fastly.4sqi.net/img/user/","/15234-EMJINMXJKZ5R5S20.jpg","51c0c2ea498e286c6f15852c","Ninth Street Espresso","https://foursquare.com/v/ninth-street-espresso/51c0c2ea498e286c6f15852c"
"id","createdAt","text","type","canonicalUrl","viewCount","agreeCount","disagreeCount","user.id","user.firstName","user.lastName","user.handle","user.privateProfile","user.gender","user.address","user.city","user.state","user.countryCode","user.relationship","user.photo.prefix","user.photo.suffix","venue.id","venue.name","venue.url"
"58bb634aa370b93a3b39ba9a","2017-03-05 01:00:58.000000","Amazing burger. The coffee smoothies are amazing and the breakfast is great.","user","https://foursquare.com/item/58bb634aa370b93a3b39ba9a","313","0","0","15234","Aram","Zucker-Scharff","chronotope","false","male","","","","US","self","https://fastly.4sqi.net/img/user/","/15234-EMJINMXJKZ5R5S20.jpg","57fbedf5498eeaa004ecc0c7","The Green Street LIC","https://foursquare.com/v/the-green-street-lic/57fbedf5498eeaa004ecc0c7"
"id","createdAt","text","type","canonicalUrl","viewCount","agreeCount","disagreeCount","user.id","user.firstName","user.lastName","user.handle","user.privateProfile","user.gender","user.address","user.city","user.state","user.countryCode","user.relationship","user.photo.prefix","user.photo.suffix","venue.id","venue.name","venue.url"
"58bb62f2e9dad14c1d41985f","2017-03-05 00:59:30.000000","Breakfast and coffee shakes highly recommended! Burger is also amazing.","user","https://foursquare.com/item/58bb62f2e9dad14c1d41985f","208","0","0","15234","Aram","Zucker-Scharff","chronotope","false","male","","","","US","self","https://fastly.4sqi.net/img/user/","/15234-EMJINMXJKZ5R5S20.jpg","57fbedf5498eeaa004ecc0c7","The Green Street LIC","https://foursquare.com/v/the-green-street-lic/57fbedf5498eeaa004ecc0c7"
"id","createdAt","text","type","canonicalUrl","viewCount","agreeCount","disagreeCount","user.id","user.firstName","user.lastName","user.handle","user.privateProfile","user.gender","user.address","user.city","user.state","user.countryCode","user.relationship","user.photo.prefix","user.photo.suffix","venue.id","venue.name","venue.url"
"58aa4d41a6118c6c867751d5","2017-02-20 01:58:25.000000","Great sake selection and amazing food.","user","https://foursquare.com/item/58aa4d41a6118c6c867751d5","102","0","0","15234","Aram","Zucker-Scharff","chronotope","false","male","","","","US","self","https://fastly.4sqi.net/img/user/","/15234-EMJINMXJKZ5R5S20.jpg","49c9732af964a52067581fe3","Sake Bar Satsko","https://foursquare.com/v/sake-bar-satsko/49c9732af964a52067581fe3"
"id","createdAt","text","type","canonicalUrl","viewCount","agreeCount","disagreeCount","user.id","user.firstName","user.lastName","user.handle","user.privateProfile","user.gender","user.address","user.city","user.state","user.countryCode","user.relationship","user.photo.prefix","user.photo.suffix","venue.id","venue.name","venue.url"
"589a8c5ddc33295a2af0a3b6","2017-02-08 03:11:25.000000","Happy hour","user","https://foursquare.com/item/589a8c5ddc33295a2af0a3b6","428","0","0","15234","Aram","Zucker-Scharff","chronotope","false","male","","","","US","self","https://fastly.4sqi.net/img/user/","/15234-EMJINMXJKZ5R5S20.jpg","4230df80f964a520ff1f1fe3","Klong","https://foursquare.com/v/klong/4230df80f964a520ff1f1fe3"
"id","createdAt","text","type","canonicalUrl","viewCount","agreeCount","disagreeCount","user.id","user.firstName","user.lastName","user.handle","user.privateProfile","user.gender","user.address","user.city","user.state","user.countryCode","user.relationship","user.photo.prefix","user.photo.suffix","venue.id","venue.name","venue.url"
"581a976038fa7d7d87642c41","2016-11-03 01:48:16.000000","Some of the best Pho in New York City.","user","https://foursquare.com/item/581a976038fa7d7d87642c41","605","0","2","15234","Aram","Zucker-Scharff","chronotope","false","male","","","","US","self","https://fastly.4sqi.net/img/user/","/15234-EMJINMXJKZ5R5S20.jpg","56cba679498e3098b0b56b4e","@ The Spot","https://foursquare.com/v/-the-spot/56cba679498e3098b0b56b4e"
"id","createdAt","text","type","canonicalUrl","viewCount","agreeCount","disagreeCount","user.id","user.firstName","user.lastName","user.handle","user.privateProfile","user.gender","user.address","user.city","user.state","user.countryCode","user.relationship","user.photo.prefix","user.photo.suffix","venue.id","venue.name","venue.url"
"57a01a39498e1b1011f7d8f3","2016-08-02 03:57:45.000000","Outdoor seating, plugs, free wifi, great service and solid drinks. Great place to get some work done.","user","https://foursquare.com/item/57a01a39498e1b1011f7d8f3","169","0","0","15234","Aram","Zucker-Scharff","chronotope","false","male","","","","US","self","https://fastly.4sqi.net/img/user/","/15234-EMJINMXJKZ5R5S20.jpg","56f6e4cf498e969129aad800","Black Rock Coffee Bar","https://foursquare.com/v/black-rock-coffee-bar/56f6e4cf498e969129aad800"
"id","createdAt","text","type","canonicalUrl","viewCount","agreeCount","disagreeCount","user.id","user.firstName","user.lastName","user.handle","user.privateProfile","user.gender","user.address","user.city","user.state","user.countryCode","user.relationship","user.photo.prefix","user.photo.suffix","venue.id","venue.name","venue.url"
"5781a77f498e613aff24c128","2016-07-10 01:40:15.000000","3 floors of very cool art.","user","https://foursquare.com/item/5781a77f498e613aff24c128","17","0","0","15234","Aram","Zucker-Scharff","chronotope","false","male","","","","US","self","https://fastly.4sqi.net/img/user/","/15234-EMJINMXJKZ5R5S20.jpg","5781a70e498e7f187f931254","The Hollows","https://foursquare.com/v/the-hollows/5781a70e498e7f187f931254"
"id","createdAt","text","type","canonicalUrl","viewCount","agreeCount","disagreeCount","user.id","user.firstName","user.lastName","user.handle","user.privateProfile","user.gender","user.address","user.city","user.state","user.countryCode","user.relationship","user.photo.prefix","user.photo.suffix","venue.id","venue.name","venue.url"
"574862a4498ea4046708b8ac","2016-05-27 15:07:16.000000","Was here for a Happy Hour with the rest of Salon. Surprisingly laid back for midtown.","user","https://foursquare.com/item/574862a4498ea4046708b8ac","148","0","0","15234","Aram","Zucker-Scharff","chronotope","false","male","","","","US","self","https://fastly.4sqi.net/img/user/","/15234-EMJINMXJKZ5R5S20.jpg","55a03f37498e85b31ecb7f4a","Madison Square Tavern","https://foursquare.com/v/madison-square-tavern/55a03f37498e85b31ecb7f4a"
"id","createdAt","text","type","canonicalUrl","viewCount","agreeCount","disagreeCount","user.id","user.firstName","user.lastName","user.handle","user.privateProfile","user.gender","user.address","user.city","user.state","user.countryCode","user.relationship","user.photo.prefix","user.photo.suffix","venue.id","venue.name","venue.url"
"57377026498e18925f68239e","2016-05-14 18:36:22.000000","Brunch was delicious here!","user","https://foursquare.com/item/57377026498e18925f68239e","291","4","0","15234","Aram","Zucker-Scharff","chronotope","false","male","","","","US","self","https://fastly.4sqi.net/img/user/","/15234-EMJINMXJKZ5R5S20.jpg","56c107dfcd10588a0ff05e92","Gantry Bar & Kitchen","https://foursquare.com/v/gantry-bar--kitchen/56c107dfcd10588a0ff05e92"
"id","createdAt","text","type","canonicalUrl","viewCount","agreeCount","disagreeCount","user.id","user.firstName","user.lastName","user.handle","user.privateProfile","user.gender","user.address","user.city","user.state","user.countryCode","user.relationship","user.photo.prefix","user.photo.suffix","venue.id","venue.name","venue.url"
"56e78717498ea79461641d61","2016-03-15 03:52:55.000000","I had their chicken rice dish, it was amazing.","user","https://foursquare.com/item/56e78717498ea79461641d61","158","0","0","15234","Aram","Zucker-Scharff","chronotope","false","male","","","","US","self","https://fastly.4sqi.net/img/user/","/15234-EMJINMXJKZ5R5S20.jpg","563ac306cd1042da49f6d532","Zing's Awesome Rice","https://foursquare.com/v/zings-awesome-rice/563ac306cd1042da49f6d532"
"id","createdAt","text","type","canonicalUrl","viewCount","agreeCount","disagreeCount","user.id","user.firstName","user.lastName","user.handle","user.privateProfile","user.gender","user.address","user.city","user.state","user.countryCode","user.relationship","user.photo.prefix","user.photo.suffix","venue.id","venue.name","venue.url"
"56db35d7498e9db63e110b9c","2016-03-05 19:39:03.000000","Heads up, their kitchen closes at 7pm.","user","https://foursquare.com/item/56db35d7498e9db63e110b9c","281","0","0","15234","Aram","Zucker-Scharff","chronotope","false","male","","","","US","self","https://fastly.4sqi.net/img/user/","/15234-EMJINMXJKZ5R5S20.jpg","4de28bb5e4cd056f74467035","Kaffihúsið Álafossi","https://foursquare.com/v/kaffih%C3%BAsi%C3%B0-%C3%A1lafossi/4de28bb5e4cd056f74467035"
"id","createdAt","text","type","canonicalUrl","viewCount","agreeCount","disagreeCount","user.id","user.firstName","user.lastName","user.handle","user.privateProfile","user.gender","user.address","user.city","user.state","user.countryCode","user.relationship","user.photo.prefix","user.photo.suffix","venue.id","venue.name","venue.url"
"56db28ef498e4b790a1a625f","2016-03-05 18:43:59.000000","You need to make a reservation.","user","https://foursquare.com/item/56db28ef498e4b790a1a625f","153","0","0","15234","Aram","Zucker-Scharff","chronotope","false","male","","","","US","self","https://fastly.4sqi.net/img/user/","/15234-EMJINMXJKZ5R5S20.jpg","4d66c8b21658721e996ecb04","Landnámssetrið","https://foursquare.com/v/landn%C3%A1mssetri%C3%B0/4d66c8b21658721e996ecb04"
"id","createdAt","text","type","canonicalUrl","viewCount","agreeCount","disagreeCount","user.id","user.firstName","user.lastName","user.handle","user.privateProfile","user.gender","user.address","user.city","user.state","user.countryCode","user.relationship","user.photo.prefix","user.photo.suffix","venue.id","venue.name","venue.url"
"56566dfa498e4b76c9922ff4","2015-11-26 02:27:06.000000","Great great cocktails.","user","https://foursquare.com/item/56566dfa498e4b76c9922ff4","150","0","0","15234","Aram","Zucker-Scharff","chronotope","false","male","","","","US","self","https://fastly.4sqi.net/img/user/","/15234-EMJINMXJKZ5R5S20.jpg","55ab1720498e95351bdc5a7f","The Standing Room","https://foursquare.com/v/the-standing-room/55ab1720498e95351bdc5a7f"
"id","createdAt","text","type","canonicalUrl","viewCount","agreeCount","disagreeCount","user.id","user.firstName","user.lastName","user.handle","user.privateProfile","user.gender","user.address","user.city","user.state","user.countryCode","user.relationship","user.photo.prefix","user.photo.suffix","venue.id","venue.name","venue.url"
"56528056498e7f82e1b7a2fd","2015-11-23 02:56:22.000000","Try the roast beef sandwich.","user","https://foursquare.com/item/56528056498e7f82e1b7a2fd","225","0","0","15234","Aram","Zucker-Scharff","chronotope","false","male","","","","US","self","https://fastly.4sqi.net/img/user/","/15234-EMJINMXJKZ5R5S20.jpg","55aaf994498e4067cdb37237","Goodnight Sonny","https://foursquare.com/v/goodnight-sonny/55aaf994498e4067cdb37237"
"id","createdAt","text","type","canonicalUrl","viewCount","agreeCount","disagreeCount","user.id","user.firstName","user.lastName","user.handle","user.privateProfile","user.gender","user.address","user.city","user.state","user.countryCode","user.relationship","user.photo.prefix","user.photo.suffix","venue.id","venue.name","venue.url"
"56526645498e47062d5b3627","2015-11-23 01:05:09.000000","The house beers are great.","user","https://foursquare.com/item/56526645498e47062d5b3627","294","1","0","15234","Aram","Zucker-Scharff","chronotope","false","male","","","","US","self","https://fastly.4sqi.net/img/user/","/15234-EMJINMXJKZ5R5S20.jpg","563e9ad8237cf4dc77815589","Bierocracy","https://foursquare.com/v/bierocracy/563e9ad8237cf4dc77815589"
"id","createdAt","text","type","canonicalUrl","viewCount","agreeCount","disagreeCount","user.id","user.firstName","user.lastName","user.handle","user.privateProfile","user.gender","user.address","user.city","user.state","user.countryCode","user.relationship","user.photo.prefix","user.photo.suffix","venue.id","venue.name","venue.url"
"56337d41498e494211eeb6f6","2015-10-30 14:22:57.000000","Great food, very delicious, super filling. Very nice service. Great Naan and sauces.","user","https://foursquare.com/item/56337d41498e494211eeb6f6","603","2","0","15234","Aram","Zucker-Scharff","chronotope","false","male","","","","US","self","https://fastly.4sqi.net/img/user/","/15234-EMJINMXJKZ5R5S20.jpg","55a96daf498ee308cc6e9d31","Namaste","https://foursquare.com/v/namaste/55a96daf498ee308cc6e9d31"
"id","createdAt","text","type","canonicalUrl","viewCount","agreeCount","disagreeCount","user.id","user.firstName","user.lastName","user.handle","user.privateProfile","user.gender","user.address","user.city","user.state","user.countryCode","user.relationship","user.photo.prefix","user.photo.suffix","venue.id","venue.name","venue.url"
"5321f43711d289a2e62a2fc9","2014-03-13 18:08:55.000000","Usually one of the D checkpoints are way shorter than the other.","user","https://foursquare.com/item/5321f43711d289a2e62a2fc9","465","0","0","15234","Aram","Zucker-Scharff","chronotope","false","male","","","","US","self","https://fastly.4sqi.net/img/user/","/15234-EMJINMXJKZ5R5S20.jpg","52407fd211d2f8b3554336e7","Security Checkpoint 4","https://foursquare.com/v/security-checkpoint-4/52407fd211d2f8b3554336e7"
"id","createdAt","text","type","canonicalUrl","viewCount","agreeCount","disagreeCount","user.id","user.firstName","user.lastName","user.handle","user.privateProfile","user.gender","user.address","user.city","user.state","user.countryCode","user.relationship","user.photo.prefix","user.photo.suffix","venue.id","venue.name","venue.url"
"5321f38711d289a2e62a06a1","2014-03-13 18:05:59.000000","Great straightforward food near the airport. Make it a stop if you have the time.","user","https://foursquare.com/item/5321f38711d289a2e62a06a1","221","2","0","15234","Aram","Zucker-Scharff","chronotope","false","male","","","","US","self","https://fastly.4sqi.net/img/user/","/15234-EMJINMXJKZ5R5S20.jpg","4b6da67cf964a52049832ce3","Rincon Criollo","https://foursquare.com/v/rincon-criollo/4b6da67cf964a52049832ce3"
"id","createdAt","text","type","canonicalUrl","likes.count","likes.summary","viewCount","agreeCount","disagreeCount","user.id","user.firstName","user.lastName","user.handle","user.privateProfile","user.gender","user.address","user.city","user.state","user.countryCode","user.relationship","user.photo.prefix","user.photo.suffix","venue.id","venue.name","venue.url"
"531fd4c3498e3f1e79793d6d","2014-03-12 03:30:11.000000","Very much a dive bar. Friendly folks, good prices.","user","https://foursquare.com/item/531fd4c3498e3f1e79793d6d","1","1 like","809","2","0","15234","Aram","Zucker-Scharff","chronotope","false","male","","","","US","self","https://fastly.4sqi.net/img/user/","/15234-EMJINMXJKZ5R5S20.jpg","40e0b100f964a5200a051fe3","On The Rocks","https://foursquare.com/v/on-the-rocks/40e0b100f964a5200a051fe3"
"id","createdAt","text","type","canonicalUrl","viewCount","agreeCount","disagreeCount","user.id","user.firstName","user.lastName","user.handle","user.privateProfile","user.gender","user.address","user.city","user.state","user.countryCode","user.relationship","user.photo.prefix","user.photo.suffix","venue.id","venue.name","venue.url"
"52d1021c11d27ee27f895b2f","2014-01-11 08:34:36.000000","Great in every way.","user","https://foursquare.com/item/52d1021c11d27ee27f895b2f","99","0","0","15234","Aram","Zucker-Scharff","chronotope","false","male","","","","US","self","https://fastly.4sqi.net/img/user/","/15234-EMJINMXJKZ5R5S20.jpg","513162d5e4b0fb5179922363","Opendoor","https://foursquare.com/v/opendoor/513162d5e4b0fb5179922363"
"id","createdAt","text","type","canonicalUrl","likes.count","likes.summary","viewCount","agreeCount","disagreeCount","user.id","user.firstName","user.lastName","user.handle","user.privateProfile","user.gender","user.address","user.city","user.state","user.countryCode","user.relationship","user.photo.prefix","user.photo.suffix","venue.id","venue.name","venue.url"
"52c06c31498e3010bd299b37","2013-12-29 18:38:41.000000","The best Thai in Northern Virginia.","user","https://foursquare.com/item/52c06c31498e3010bd299b37","1","1 like","275","1","0","15234","Aram","Zucker-Scharff","chronotope","false","male","","","","US","self","https://fastly.4sqi.net/img/user/","/15234-EMJINMXJKZ5R5S20.jpg","50d3e322d63e652b4cd1a46e","Sisters Thai The Living Room Cafe","https://foursquare.com/v/sisters-thai-the-living-room-cafe/50d3e322d63e652b4cd1a46e"
"id","createdAt","text","type","canonicalUrl","likes.count","likes.summary","viewCount","agreeCount","disagreeCount","user.id","user.firstName","user.lastName","user.handle","user.privateProfile","user.gender","user.address","user.city","user.state","user.countryCode","user.relationship","user.photo.prefix","user.photo.suffix","venue.id","venue.name","venue.url"
"5213f7e811d2c6e2e2c9f69b","2013-08-20 23:12:40.000000","Solid New York pizza, not amazing, but not bad.","user","https://foursquare.com/item/5213f7e811d2c6e2e2c9f69b","1","1 like","82","1","0","15234","Aram","Zucker-Scharff","chronotope","false","male","","","","US","self","https://fastly.4sqi.net/img/user/","/15234-EMJINMXJKZ5R5S20.jpg","4b7754e0f964a520b4922ee3","La Bella Mariella Pizza II","https://foursquare.com/v/la-bella-mariella-pizza-ii/4b7754e0f964a520b4922ee3"
"id","createdAt","text","type","canonicalUrl","viewCount","agreeCount","disagreeCount","user.id","user.firstName","user.lastName","user.handle","user.privateProfile","user.gender","user.address","user.city","user.state","user.countryCode","user.relationship","user.photo.prefix","user.photo.suffix","venue.id","venue.name","venue.url"
"5213f79411d229bccedaaeb8","2013-08-20 23:11:16.000000","Amazing! Don't forget to grab a beer on your way in.","user","https://foursquare.com/item/5213f79411d229bccedaaeb8","516","0","0","15234","Aram","Zucker-Scharff","chronotope","false","male","","","","US","self","https://fastly.4sqi.net/img/user/","/15234-EMJINMXJKZ5R5S20.jpg","51a78f34498e272c0215d371","LIC Flea & Food","https://foursquare.com/v/lic-flea--food/51a78f34498e272c0215d371"
"id","createdAt","text","type","canonicalUrl","likes.count","likes.summary","viewCount","agreeCount","disagreeCount","user.id","user.firstName","user.lastName","user.handle","user.privateProfile","user.gender","user.address","user.city","user.state","user.countryCode","user.relationship","user.photo.prefix","user.photo.suffix","venue.id","venue.name","venue.url"
"5213f75f498e6d72c4b52053","2013-08-20 23:10:23.000000","Great food! They have great brisket and delicious sides. Cocktails were a little expensive, but very good.","user","https://foursquare.com/item/5213f75f498e6d72c4b52053","1","1 like","51","1","0","15234","Aram","Zucker-Scharff","chronotope","false","male","","","","US","self","https://fastly.4sqi.net/img/user/","/15234-EMJINMXJKZ5R5S20.jpg","4b2ffce0f964a520f4f324e3","Cranky's Cafe","https://foursquare.com/v/crankys-cafe/4b2ffce0f964a520f4f324e3"
"id","createdAt","text","type","canonicalUrl","likes.count","likes.summary","viewCount","agreeCount","disagreeCount","user.id","user.firstName","user.lastName","user.handle","user.privateProfile","user.gender","user.address","user.city","user.state","user.countryCode","user.relationship","user.photo.prefix","user.photo.suffix","venue.id","venue.name","venue.url"
"5134f867e4b01507fea317d7","2013-03-04 19:39:19.000000","Best sushi in Fairfax by a wide margin.","user","https://foursquare.com/item/5134f867e4b01507fea317d7","3","3 likes","1585","2","0","15234","Aram","Zucker-Scharff","chronotope","false","male","","","","US","self","https://fastly.4sqi.net/img/user/","/15234-EMJINMXJKZ5R5S20.jpg","50c1400ce4b0dfcd54c05f99","Sushi Prince","https://foursquare.com/v/sushi-prince/50c1400ce4b0dfcd54c05f99"
"id","createdAt","text","type","canonicalUrl","viewCount","agreeCount","disagreeCount","user.id","user.firstName","user.lastName","user.handle","user.privateProfile","user.gender","user.address","user.city","user.state","user.countryCode","user.relationship","user.photo.prefix","user.photo.suffix","venue.id","venue.name","venue.url"
"50b1753fe4b09dc7a627d406","2012-11-25 01:32:47.000000","The rolls are Magic.","user","https://foursquare.com/item/50b1753fe4b09dc7a627d406","47","0","0","15234","Aram","Zucker-Scharff","chronotope","false","male","","","","US","self","https://fastly.4sqi.net/img/user/","/15234-EMJINMXJKZ5R5S20.jpg","50b174fa498eee01f267f290","Roland's Shake and Bakery","https://foursquare.com/v/rolands-shake-and-bakery/50b174fa498eee01f267f290"
"id","createdAt","text","type","canonicalUrl","viewCount","agreeCount","disagreeCount","user.id","user.firstName","user.lastName","user.handle","user.privateProfile","user.gender","user.address","user.city","user.state","user.countryCode","user.relationship","user.photo.prefix","user.photo.suffix","venue.id","venue.name","venue.url"
"501eeeede4b01ea6a2eddd3a","2012-08-05 22:08:45.000000","They really really shine with the pulled pork BBQ.","user","https://foursquare.com/item/501eeeede4b01ea6a2eddd3a","15","0","0","15234","Aram","Zucker-Scharff","chronotope","false","male","","","","US","self","https://fastly.4sqi.net/img/user/","/15234-EMJINMXJKZ5R5S20.jpg","501eede5e4b0125d27c89316","House of Yass","https://foursquare.com/v/house-of-yass/501eede5e4b0125d27c89316"
"id","createdAt","text","type","canonicalUrl","likes.count","likes.summary","viewCount","agreeCount","disagreeCount","user.id","user.firstName","user.lastName","user.handle","user.privateProfile","user.gender","user.address","user.city","user.state","user.countryCode","user.relationship","user.photo.prefix","user.photo.suffix","venue.id","venue.name","venue.url"
"4e6cf64dae603c15efdaab19","2011-09-11 17:56:29.000000","The best potato knishs anywhere.","user","https://foursquare.com/item/4e6cf64dae603c15efdaab19","1","1 like","1077","0","0","15234","Aram","Zucker-Scharff","chronotope","false","male","","","","US","self","https://fastly.4sqi.net/img/user/","/15234-EMJINMXJKZ5R5S20.jpg","45ac12d3f964a5205c411fe3","Knish Nosh","https://foursquare.com/v/knish-nosh/45ac12d3f964a5205c411fe3"
"id","createdAt","text","type","canonicalUrl","likes.count","likes.summary","viewCount","agreeCount","disagreeCount","user.id","user.firstName","user.lastName","user.handle","user.privateProfile","user.gender","user.address","user.city","user.state","user.countryCode","user.relationship","user.photo.prefix","user.photo.suffix","venue.id","venue.name","venue.url"
"4e41a72b15201b1cfb509da9","2011-08-09 21:31:23.000000","Get the chicken fingers! They are surprisingly good, especially with those hot sauce packets.","user","https://foursquare.com/item/4e41a72b15201b1cfb509da9","1","1 like","558","1","0","15234","Aram","Zucker-Scharff","chronotope","false","male","","","","US","self","https://fastly.4sqi.net/img/user/","/15234-EMJINMXJKZ5R5S20.jpg","4b50e65af964a520b03727e3","Randall's Cafe @ GMU","https://foursquare.com/v/randalls-cafe--gmu/4b50e65af964a520b03727e3"
"id","createdAt","text","type","canonicalUrl","viewCount","agreeCount","disagreeCount","user.id","user.firstName","user.lastName","user.handle","user.privateProfile","user.gender","user.address","user.city","user.state","user.countryCode","user.relationship","user.photo.prefix","user.photo.suffix","venue.id","venue.name","venue.url"
"4db8439193a04a7c307c7b85","2011-04-27 16:25:53.000000","Rice and Noodles is the be-all and end-all of foods. Get it.","user","https://foursquare.com/item/4db8439193a04a7c307c7b85","168","0","0","15234","Aram","Zucker-Scharff","chronotope","false","male","","","","US","self","https://fastly.4sqi.net/img/user/","/15234-EMJINMXJKZ5R5S20.jpg","4b8aadc9f964a520577932e3","Masala Wok","https://foursquare.com/v/masala-wok/4b8aadc9f964a520577932e3"
"id","createdAt","text","type","canonicalUrl","viewCount","agreeCount","disagreeCount","user.id","user.firstName","user.lastName","user.handle","user.privateProfile","user.gender","user.address","user.city","user.state","user.countryCode","user.relationship","user.photo.prefix","user.photo.suffix","venue.id","venue.name","venue.url"
"4daa017a5da3ba8a4780f921","2011-04-16 20:52:10.000000","Great NY to VA service.","user","https://foursquare.com/item/4daa017a5da3ba8a4780f921","373","0","0","15234","Aram","Zucker-Scharff","chronotope","false","male","","","","US","self","https://fastly.4sqi.net/img/user/","/15234-EMJINMXJKZ5R5S20.jpg","4c77deeea690236ab09f9eb5","BestBus - Times Square (Washington D.C.)","https://foursquare.com/v/bestbus--times-square-washington-dc/4c77deeea690236ab09f9eb5"
"id","createdAt","text","type","canonicalUrl","likes.count","likes.summary","viewCount","agreeCount","disagreeCount","user.id","user.firstName","user.lastName","user.handle","user.privateProfile","user.gender","user.address","user.city","user.state","user.countryCode","user.relationship","user.photo.prefix","user.photo.suffix","venue.id","venue.name","venue.url"
"4d692e4067a8f04d5d310abe","2011-02-26 16:45:52.000000","The Rice and Noodles here is great.","user","https://foursquare.com/item/4d692e4067a8f04d5d310abe","1","1 like","97","1","0","15234","Aram","Zucker-Scharff","chronotope","false","male","","","","US","self","https://fastly.4sqi.net/img/user/","/15234-EMJINMXJKZ5R5S20.jpg","4b8aadc9f964a520577932e3","Masala Wok","https://foursquare.com/v/masala-wok/4b8aadc9f964a520577932e3"
"id","createdAt","text","type","canonicalUrl","likes.count","likes.summary","viewCount","agreeCount","disagreeCount","user.id","user.firstName","user.lastName","user.handle","user.privateProfile","user.gender","user.address","user.city","user.state","user.countryCode","user.relationship","user.photo.prefix","user.photo.suffix","venue.id","venue.name","venue.url"
"4d33969098336dcb56972ff0","2011-01-17 01:08:32.000000","Hibachi meals are a real deal for lunch.","user","https://foursquare.com/item/4d33969098336dcb56972ff0","1","1 like","477","0","0","15234","Aram","Zucker-Scharff","chronotope","false","male","","","","US","self","https://fastly.4sqi.net/img/user/","/15234-EMJINMXJKZ5R5S20.jpg","4ced551c28abb60cba59b709","Samurai Japanese Steak & Sushi Bar","https://foursquare.com/v/samurai-japanese-steak--sushi-bar/4ced551c28abb60cba59b709"
"id","createdAt","text","type","canonicalUrl","viewCount","agreeCount","disagreeCount","user.id","user.firstName","user.lastName","user.handle","user.privateProfile","user.gender","user.address","user.city","user.state","user.countryCode","user.relationship","user.photo.prefix","user.photo.suffix","venue.id","venue.name","venue.url"
"4ce437c122bef04db7e9d7f8","2010-11-17 20:14:57.000000","4.99 for a small 1 topping pizza 11am to 4pm, worth it!","user","https://foursquare.com/item/4ce437c122bef04db7e9d7f8","15","0","0","15234","Aram","Zucker-Scharff","chronotope","false","male","","","","US","self","https://fastly.4sqi.net/img/user/","/15234-EMJINMXJKZ5R5S20.jpg","4ba90817f964a52030053ae3","Luigi's Pizza","https://foursquare.com/v/luigis-pizza/4ba90817f964a52030053ae3"
"id","createdAt","text","type","canonicalUrl","likes.count","likes.summary","viewCount","agreeCount","disagreeCount","user.id","user.firstName","user.lastName","user.handle","user.privateProfile","user.gender","user.address","user.city","user.state","user.countryCode","user.relationship","user.photo.prefix","user.photo.suffix","venue.id","venue.name","venue.url"
"4ca6a2b0d971b1f77b8002e1","2010-10-02 03:10:40.000000","Beer...","user","https://foursquare.com/item/4ca6a2b0d971b1f77b8002e1","1","1 like","1","1","0","15234","Aram","Zucker-Scharff","chronotope","false","male","","","","US","self","https://fastly.4sqi.net/img/user/","/15234-EMJINMXJKZ5R5S20.jpg","4c0163e51b2eb713a45c9992","Bartertown","https://foursquare.com/v/bartertown/4c0163e51b2eb713a45c9992"
"id","createdAt","text","type","canonicalUrl","viewCount","agreeCount","disagreeCount","user.id","user.firstName","user.lastName","user.handle","user.privateProfile","user.gender","user.address","user.city","user.state","user.countryCode","user.relationship","user.photo.prefix","user.photo.suffix","venue.id","venue.name","venue.url"
"4c01643e70c603bb32819db4","2010-05-29 19:00:14.000000","Two men enter, one man leaves","user","https://foursquare.com/item/4c01643e70c603bb32819db4","1","0","0","15234","Aram","Zucker-Scharff","chronotope","false","male","","","","US","self","https://fastly.4sqi.net/img/user/","/15234-EMJINMXJKZ5R5S20.jpg","4c0163e51b2eb713a45c9992","Bartertown","https://foursquare.com/v/bartertown/4c0163e51b2eb713a45c9992"
"id","createdAt","text","type","canonicalUrl","likes.count","likes.summary","viewCount","agreeCount","disagreeCount","user.id","user.firstName","user.lastName","user.handle","user.privateProfile","user.gender","user.address","user.city","user.state","user.countryCode","user.relationship","user.photo.prefix","user.photo.suffix","venue.id","venue.name","venue.url"
"4b5daa2e70c603bba9cd90b4","2010-01-25 14:26:54.000000","Mmmm... Guinness + Fish and Chips.","user","https://foursquare.com/item/4b5daa2e70c603bba9cd90b4","7","7 likes","754","1","0","15234","Aram","Zucker-Scharff","chronotope","false","male","","","","US","self","https://fastly.4sqi.net/img/user/","/15234-EMJINMXJKZ5R5S20.jpg","462782e1f964a520c5451fe3","The Auld Shebeen","https://foursquare.com/v/the-auld-shebeen/462782e1f964a520c5451fe3"
"id","createdAt","text","type","canonicalUrl","viewCount","agreeCount","disagreeCount","user.id","user.firstName","user.lastName","user.handle","user.privateProfile","user.gender","user.address","user.city","user.state","user.countryCode","user.relationship","user.photo.prefix","user.photo.suffix","venue.id","venue.name","venue.url"
"4b4d4ea770c603bb685a90b4","2010-01-13 04:40:07.000000","Great beers, great service. They have a great selection of deliciious beers.","user","https://foursquare.com/item/4b4d4ea770c603bb685a90b4","1284","1","0","15234","Aram","Zucker-Scharff","chronotope","false","male","","","","US","self","https://fastly.4sqi.net/img/user/","/15234-EMJINMXJKZ5R5S20.jpg","41366280f964a520c41a1fe3","R.F.D. Washington","https://foursquare.com/v/rfd-washington/41366280f964a520c41a1fe3"
